experiment_id,timestamp,scenario,label,order_request_rate,order_error_rate_5xx,order_error_rate_4xx,order_p99_latency_s,order_p95_latency_s,order_p50_latency_s,order_jvm_heap_mb,order_active_threads,order_service_up,payment_request_rate,payment_error_rate_5xx,payment_error_rate_4xx,payment_p99_latency_s,payment_p95_latency_s,payment_p50_latency_s,payment_jvm_heap_mb,payment_active_threads,payment_service_up,inventory_request_rate,inventory_error_rate_5xx,inventory_error_rate_4xx,inventory_p99_latency_s,inventory_p95_latency_s,inventory_p50_latency_s,inventory_jvm_heap_mb,inventory_active_threads,inventory_service_up,shipping_request_rate,shipping_error_rate_5xx,shipping_error_rate_4xx,shipping_p99_latency_s,shipping_p95_latency_s,shipping_p50_latency_s,shipping_jvm_heap_mb,shipping_active_threads,shipping_service_up,delivery_request_rate,delivery_error_rate_5xx,delivery_error_rate_4xx,delivery_p99_latency_s,delivery_p95_latency_s,delivery_p50_latency_s,delivery_jvm_heap_mb,delivery_active_threads,delivery_service_up,notification_request_rate,notification_error_rate_5xx,notification_error_rate_4xx,notification_p99_latency_s,notification_p95_latency_s,notification_p50_latency_s,notification_jvm_heap_mb,notification_active_threads,notification_service_up,run,fault_type,fault_service,fault_delay_ms,order_error_ratio,order_latency_spike,payment_error_ratio,payment_latency_spike,inventory_error_ratio,inventory_latency_spike,shipping_error_ratio,shipping_latency_spike,delivery_error_ratio,delivery_latency_spike,notification_error_ratio,notification_latency_spike,system_mean_error_rate,system_max_error_rate,system_max_p99_latency,system_mean_p99_latency,num_services_down,max_zscore,anomaly,anomaly_cols,z_order_request_rate,z_order_error_rate_5xx,z_order_error_rate_4xx,z_order_p99_latency_s,z_order_p95_latency_s,z_order_p50_latency_s,z_order_jvm_heap_mb,z_order_active_threads,z_order_service_up,z_payment_request_rate,z_payment_error_rate_5xx,z_payment_error_rate_4xx,z_payment_p99_latency_s,z_payment_p95_latency_s,z_payment_p50_latency_s,z_payment_jvm_heap_mb,z_payment_active_threads,z_payment_service_up,z_inventory_request_rate,z_inventory_error_rate_5xx,z_inventory_error_rate_4xx,z_inventory_p99_latency_s,z_inventory_p95_latency_s,z_inventory_p50_latency_s,z_inventory_jvm_heap_mb,z_inventory_active_threads,z_inventory_service_up,z_shipping_request_rate,z_shipping_error_rate_5xx,z_shipping_error_rate_4xx,z_shipping_p99_latency_s,z_shipping_p95_latency_s,z_shipping_p50_latency_s,z_shipping_jvm_heap_mb,z_shipping_active_threads,z_shipping_service_up,z_delivery_request_rate,z_delivery_error_rate_5xx,z_delivery_error_rate_4xx,z_delivery_p99_latency_s,z_delivery_p95_latency_s,z_delivery_p50_latency_s,z_delivery_jvm_heap_mb,z_delivery_active_threads,z_delivery_service_up,z_notification_request_rate,z_notification_error_rate_5xx,z_notification_error_rate_4xx,z_notification_p99_latency_s,z_notification_p95_latency_s,z_notification_p50_latency_s,z_notification_jvm_heap_mb,z_notification_active_threads,z_notification_service_up,z_order_error_ratio,z_order_latency_spike,z_payment_error_ratio,z_payment_latency_spike,z_inventory_error_ratio,z_inventory_latency_spike,z_shipping_error_ratio,z_shipping_latency_spike,z_delivery_error_ratio,z_delivery_latency_spike,z_notification_error_ratio,z_notification_latency_spike,z_system_mean_error_rate,z_system_max_error_rate,z_system_max_p99_latency,z_system_mean_p99_latency,z_num_services_down
dfe27777,2026-09-01T16:00:44.384983,NORMAL,0,0.162643,0.0,,,,,36.0,,1.0,0.159896,0.0,,,,,0.0,,1.0,0.159151,0.0,0.0,,,,2.0,,1.0,0.169274,0.0,,,,,1.0,,1.0,0.164892,0.0,,,,,1.0,,1.0,0.140121,0.0,,,,,2.0,,1.0,1,NONE,none,0,0.0,,0.0,,0.0,,0.0,,0.0,,0.0,,0.0,0.0,,,0,1.7863851067445438,0,,-0.9171584496918048,0.0,,,,,1.7863851067445438,,0.44721359549995787,-1.258625468857426,0.0,,,,,-0.8979417416059471,,0.44721359549995787,-1.2108499073336154,0.0,0.0,,,,-0.4158988470605481,,0.44721359549995787,-0.296577152583602,0.0,,,,,-0.6455103574433433,,0.44721359549995787,-0.08304466263464687,0.0,,,,,0.7302967433402214,,0.44721359549995787,-0.7928578530752268,0.0,,,,,0.08032193289024986,,0.44721359549995787,0.0,,0.0,,0.0,,0.0,,0.0,,0.0,,0.0,0.0,,,-0.4472135954999579
06b700fb,2026-09-01T16:01:59.722098,NORMAL,0,0.140447,0.0,,,,,2.0,,1.0,0.214703,0.0,,,,,6.999992,,1.0,0.204893,0.0,0.0,,,,5.0,,1.0,0.174705,0.0,,,,,0.0,,1.0,0.14043,0.0,,,,,1.0,,1.0,0.485325,0.0,,,,,1.0,,1.0,2,NONE,none,0,0.0,,0.0,,0.0,,0.0,,0.0,,0.0,,0.0,0.0,,,0,1.2206980709818036,0,,-1.2206980709818036,0.0,,,,,-0.367412539685048,,0.44721359549995787,-0.2480765192069802,0.0,,,,,1.0663045554258568,,0.44721359549995787,-0.5568750942305005,0.0,0.0,,,,1.1437280679241668,,0.44721359549995787,-0.24091718120710778,0.0,,,,,-0.7463713507938656,,0.44721359549995787,-0.2892150983680875,0.0,,,,,0.7302967433402214,,0.44721359549995787,0.5639781508876431,0.0,,,,,-0.32128773156099955,,0.44721359549995787,0.0,,0.0,,0.0,,0.0,,0.0,,0.0,,0.0,0.0,,,-0.4472135954999579
4f3481e6,2026-09-01T16:02:44.036843,NORMAL,0,0.283389,0.0,,,,,0.0,,0.0,0.204269,0.0,,,,,0.0,,0.0,0.233246,0.0,0.0,,,,0.0,,0.0,0.065125,0.0,,,,,0.0,,0.0,0.0,0.0,,,,,0.0,,0.0,0.0,0.0,,,,,0.0,,0.0,3,NONE,none,0,0.0,,0.0,,0.0,,0.0,,0.0,,0.0,,0.0,0.0,,,6,1.788854381999832,0,,0.7340938080249985,0.0,,,,,-0.4941065188867887,,-1.788854381999832,-0.4404619396943769,0.0,,,,,-0.8979417416059471,,-1.788854381999832,-0.1515113612080568,0.0,0.0,,,,-1.4556501237170247,,-1.788854381999832,-1.3639552337639573,0.0,,,,,-0.7463713507938656,,-1.788854381999832,-1.47278611831932,0.0,,,,,-1.0954451150103321,,-1.788854381999832,-1.3436081853752038,0.0,,,,,-0.7228973960122489,,-1.788854381999832,0.0,,0.0,,0.0,,0.0,,0.0,,0.0,,0.0,0.0,,,1.7888543819998317
0c19ad82,2026-09-01T16:04:35.926644,NORMAL,0,0.261375,0.0,,,,,1.0,,1.0,0.261233,0.0,,,,,2.0,,1.0,0.281328,0.0,0.0,,,,3.999992,,1.0,0.261233,0.0,,,,,15.0,,1.0,0.267791,0.0,,,,,0.0,,1.0,0.522445,0.0,,,,,6.0,,1.0,4,NONE,none,0,0.0,,0.0,,0.0,,0.0,,0.0,,0.0,,0.0,0.0,,,0,1.6867605906952474,0,,0.43304311316655447,0.0,,,,,-0.4307595292859184,,0.44721359549995787,0.6098584640476266,0.0,,,,,-0.33672787249529557,,0.44721359549995787,0.535918505514517,0.0,0.0,,,,0.623848270590822,,0.44721359549995787,0.6458708878897993,0.0,,,,,0.7665435494639701,,0.44721359549995787,0.7842078787166447,0.0,,,,,-1.0954451150103321,,0.44721359549995787,0.7098795670563485,0.0,,,,,1.6867605906952474,,0.44721359549995787,0.0,,0.0,,0.0,,0.0,,0.0,,0.0,,0.0,0.0,,,-0.4472135954999579
62637d8e,2026-09-01T16:05:23.716628,NORMAL,0,0.300692,0.0,,,,,0.0,,1.0,0.300686,0.0,,,,,7.0,,1.0,0.340599,0.0,0.0,,,,2.999992,,1.0,0.320725,0.0,,,,,21.0,,1.0,0.300613,0.0,,,,,1.0,,1.0,0.561302,0.0,,,,,0.0,,1.0,5,NONE,none,0,0.0,,0.0,,0.0,,0.0,,0.0,,0.0,,0.0,0.0,,,0,1.3833178572576565,0,,0.970719599482056,0.0,,,,,-0.4941065188867887,,0.44721359549995787,1.337305463711156,0.0,,,,,1.0663068002813334,,0.44721359549995787,1.3833178572576565,0.0,0.0,,,,0.1039726322625837,,0.44721359549995787,1.2555786796648685,0.0,,,,,1.3717095095671044,,0.44721359549995787,1.0608380006054106,0.0,,,,,0.7302967433402214,,0.44721359549995787,0.8626083205064392,0.0,,,,,-0.7228973960122489,,0.44721359549995787,0.0,,0.0,,0.0,,0.0,,0.0,,0.0,,0.0,0.0,,,-0.4472135954999579
8bab5fd2,2026-09-01T16:06:03.086821,PAYMENT_DOWN,1,0.340538,0.0,,,,,4.999992,,1.0,0.293781,0.11324,,,,,10.999992,,1.0,0.321079,0.0,0.0,,,,3.0,,1.0,0.302383,0.0,,,,,2.0,,1.0,0.302395,0.0,,,,,1.0,,1.0,0.423344,0.0,,,,,0.0,,1.0,1,DOWN,payment-service,0,0.0,,0.3854571929925447,,0.0,,0.0,,0.0,,0.0,,0.0188733333333333,0.11324,,,0,385457192.9925447,1,payment_error_rate_5xx|payment_error_ratio|system_mean_error_rate|system_max_error_rate,1.5156303829530093,0.0,,,,,-0.17737207765835378,,0.44721359549995787,1.2099888709887607,113239999.99999999,,,,,2.18873229364716,,0.44721359549995787,1.10423980313294,0.0,0.0,,,,0.10397679126769022,,0.44721359549995787,1.0675994502434623,0.0,,,,,-0.5446493640928208,,0.44721359549995787,1.0758570389700983,0.0,,,,,0.7302967433402214,,0.44721359549995787,0.3203597329040084,0.0,,,,,-0.7228973960122489,,0.44721359549995787,0.0,,385457192.9925447,,0.0,,0.0,,0.0,,0.0,,18873333.3333333,113239999.99999999,,,-0.4472135954999579
fa5c1cd0,2026-09-01T16:06:45.985144,PAYMENT_DOWN,1,0.363534,0.0,,,,,5.0,,1.0,0.323134,0.121175,,,,,3.0,,1.0,0.323147,0.0,0.0,,,,2.0,,1.0,0.302932,0.0,,,,,6.0,,1.0,0.323141,0.0,,,,,5.0,,1.0,0.424122,0.0,,,,,2.0,,1.0,2,DOWN,payment-service,0,0.0,,0.3749992251666515,,0.0,,0.0,,0.0,,0.0,,0.0201958333333333,0.121175,,,0,374999225.1666515,1,payment_error_rate_5xx|delivery_jvm_heap_mb|payment_error_ratio|system_mean_error_rate|system_max_error_rate,1.8301103402058843,0.0,,,,,-0.17737157088243696,,0.44721359549995787,1.7512088487122175,121175000.0,,,,,-0.05612093793996978,,0.44721359549995787,1.1338060641949235,0.0,0.0,,,,-0.4158988470605481,,0.44721359549995787,1.0732259139307563,0.0,,,,,-0.14120539069073137,,0.44721359549995787,1.250708312771339,0.0,,,,,8.033264176742437,,0.44721359549995787,0.3234176882321132,0.0,,,,,0.08032193289024986,,0.44721359549995787,0.0,,374999225.1666515,,0.0,,0.0,,0.0,,0.0,,20195833.3333333,121175000.0,,,-0.4472135954999579
326dc56c,2026-09-01T16:07:22.240808,PAYMENT_DOWN,1,0.382125,0.0,,,,,3.0,,1.0,0.340736,0.140303,,,,,5.0,,1.0,0.320596,0.0,0.0,,,,0.0,,1.0,0.300619,0.0,,,,,11.0,,1.0,0.360794,0.0,,,,,9.0,,1.0,0.420909,0.0,,,,,2.999992,,1.0,3,DOWN,payment-service,0,0.0,,0.4117645320372237,,0.0,,0.0,,0.0,,0.0,,0.0233838333333333,0.140303,,,0,411764532.03722364,1,payment_error_rate_5xx|delivery_jvm_heap_mb|payment_error_ratio|system_mean_error_rate|system_max_error_rate,2.0843500725631716,0.0,,,,,-0.3040655500841777,,0.44721359549995787,2.075760139820053,140303000.0,,,,,0.5050929311706818,,0.44721359549995787,1.0973343369371285,0.0,0.0,,,,-1.4556501237170247,,0.44721359549995787,1.0495209767564184,0.0,,,,,0.36309957606188054,,0.44721359549995787,1.5680550308103889,0.0,,,,,15.33623161014465,,0.44721359549995787,0.31078888300177776,0.0,,,,,0.48192838446418373,,0.44721359549995787,0.0,,411764532.03722364,,0.0,,0.0,,0.0,,0.0,,23383833.3333333,140303000.0,,,-0.4472135954999579
d29c17fc,2026-09-01T16:08:00.165828,PAYMENT_DOWN,1,0.34062,0.0,,,,,1.0,,1.0,0.380693,0.180328,,,,,8.0,,1.0,0.360642,0.0,0.0,,,,4.0,,1.0,0.340668,0.0,,,,,14.0,,1.0,0.321117,0.0,,,,,12.0,,1.0,0.501022,0.0,,,,,2.0,,1.0,4,DOWN,payment-service,0,0.0,,0.4736835180219139,,0.0,,0.0,,0.0,,0.0,,0.0300546666666666,0.180328,,,0,473683518.0219138,1,payment_error_rate_5xx|delivery_jvm_heap_mb|payment_error_ratio|system_mean_error_rate|system_max_error_rate,1.5167517673892037,0.0,,,,,-0.4307595292859184,,0.44721359549995787,2.8125000522615826,180327999.99999997,,,,,1.3469137348366589,,0.44721359549995787,1.6698732588366376,0.0,0.0,,,,0.6238524295959286,,0.44721359549995787,1.4599658660322832,0.0,,,,,0.6656825561134476,,0.44721359549995787,1.2336496519126812,0.0,,,,,20.81345718519631,,0.44721359549995787,0.6256757405859232,0.0,,,,,0.08032193289024986,,0.44721359549995787,0.0,,473683518.0219138,,0.0,,0.0,,0.0,,0.0,,30054666.6666666,180327999.99999997,,,-0.4472135954999579
e5d92d8f,2026-09-01T16:08:43.387549,PAYMENT_DOWN,1,0.321098,0.0,,,,,6.0,,1.0,0.321085,0.120407,,,,,1.0,,1.0,0.320969,0.0,0.0,,,,3.999985,,1.0,0.321092,0.0,,,,,19.0,,1.0,0.30103,0.0,,,,,15.0,,1.0,0.441395,0.0,,,,,1.0,,1.0,5,DOWN,payment-service,0,0.0,,0.3750003881370964,,0.0,,0.0,,0.0,,0.0,,0.0200678333333333,0.120407,,,0,375000388.1370964,1,payment_error_rate_5xx|delivery_jvm_heap_mb|payment_error_ratio|system_mean_error_rate|system_max_error_rate,1.2497802190551188,0.0,,,,,-0.11402458128156662,,0.44721359549995787,1.7134287330730888,120407000.0,,,,,-0.6173348070506213,,0.44721359549995787,1.1026671296721962,0.0,0.0,,,,0.6238446314613537,,0.44721359549995787,1.2593399040241346,0.0,,,,,1.1699875228660597,,0.44721359549995787,1.0643525567210528,0.0,,,,,26.29068276024797,,0.44721359549995787,0.3913097992634183,0.0,,,,,-0.32128773156099955,,0.44721359549995787,0.0,,375000388.1370964,,0.0,,0.0,,0.0,,0.0,,20067833.3333333,120407000.0,,,-0.4472135954999579
e6e8baa4,2026-09-01T16:09:13.194577,INVENTORY_DOWN,1,0.0,0.0,,,,,0.0,,0.0,0.12069,0.0,,,,,6.0,,1.0,0.110193,0.0,0.0,,,,2.999992,,1.0,0.107675,0.0,,,,,23.999992,,1.0,0.06096,0.0,,,,,0.0,,0.0,0.0,0.0,,,,,0.0,,1.0,1,DOWN,inventory-service,0,0.0,,0.0,,0.0,,0.0,,0.0,,0.0,,0.0,0.0,,,2,3.1413697772043854,1,order_request_rate,-3.1413697772043854,0.0,,,,,-0.4941065188867887,,-1.788854381999832,-1.9815182037269754,0.0,,,,,0.7856998657260075,,0.44721359549995787,-1.910803973616294,0.0,0.0,,,,0.1039726322625837,,0.44721359549995787,-0.9278786765793073,0.0,,,,,1.6742916827307248,,0.44721359549995787,-0.9590035264498681,0.0,,,,,-1.0954451150103321,,-1.788854381999832,-1.3436081853752038,0.0,,,,,-0.7228973960122489,,0.44721359549995787,0.0,,0.0,,0.0,,0.0,,0.0,,0.0,,0.0,0.0,,,0.29814239699997197
28e231f0,2026-09-01T16:11:31.958278,INVENTORY_DOWN,1,0.278253,0.0,,,,,2.0,,1.0,0.258408,0.0,,,,,5.0,,1.0,0.313527,0.134959,0.0,,,,2.0,,1.0,0.27833,0.0,,,,,33.999992,,1.0,0.258393,0.0,,,,,0.0,,1.0,0.574497,0.0,,,,,4.0,,1.0,2,DOWN,inventory-service,0,0.0,,0.0,,0.4304541540905435,,0.0,,0.0,,0.0,,0.0224931666666666,0.134959,,,0,430454154.09054345,1,inventory_error_rate_5xx|inventory_error_ratio|system_mean_error_rate|system_max_error_rate,0.6638568511433331,0.0,,,,,-0.367412539685048,,0.44721359549995787,0.557770212861419,0.0,,,,,0.5050929311706818,,0.44721359549995787,0.9962686215371478,134959000.0,0.0,,,,-0.4158988470605481,,0.44721359549995787,0.8210906504793639,0.0,,,,,2.6829016162359487,,0.44721359549995787,0.7049997291367707,0.0,,,,,-1.0954451150103321,,0.44721359549995787,0.914471714535159,0.0,,,,,0.8835412617927487,,0.44721359549995787,0.0,,0.0,,430454154.09054345,,0.0,,0.0,,0.0,,22493166.666666597,134959000.0,,,-0.4472135954999579
717c6e7c,2026-09-01T16:12:28.858612,INVENTORY_DOWN,1,0.320404,0.0,,,,,1.0,,1.0,0.32041,0.0,,,,,0.0,,1.0,0.340429,0.140177,0.0,,,,1.999992,,1.0,0.300348,0.0,,,,,39.999992,,1.0,0.280359,0.0,,,,,1.0,,1.0,0.5404,0.0,,,,,5.0,,1.0,3,DOWN,inventory-service,0,0.0,,0.0,,0.4117657414269473,,0.0,,0.0,,0.0,,0.0233628333333333,0.140177,,,0,411765741.42694724,1,inventory_error_rate_5xx|shipping_jvm_heap_mb|inventory_error_ratio|system_mean_error_rate|system_max_error_rate,1.240289477607324,0.0,,,,,-0.4307595292859184,,0.44721359549995787,1.70098286774541,0.0,,,,,-0.8979417416059471,,0.44721359549995787,1.3808873619092343,140177000.0,0.0,,,,-0.4159030060656547,,0.44721359549995787,1.0467436148998486,0.0,,,,,3.288067576339083,,0.44721359549995787,0.8901333973291001,0.0,,,,,0.7302967433402214,,0.44721359549995787,0.7804523021670461,0.0,,,,,1.2851509262439982,,0.44721359549995787,0.0,,0.0,,411765741.42694724,,0.0,,0.0,,0.0,,23362833.3333333,140177000.0,,,-0.4472135954999579
1dd3476f,2026-09-01T16:13:36.174401,INVENTORY_DOWN,1,0.167336,0.0,,,,,4.0,,1.0,0.14637,0.0,,,,,8.999992,,1.0,0.242122,0.034589,0.0,,,,3.0,,1.0,0.172939,0.0,,,,,49.999992,,1.0,0.188561,0.0,,,,,1.0,,1.0,0.14482,0.0,,,,,3.0,,1.0,4,DOWN,inventory-service,0,0.0,,0.0,,0.1428577322884424,,0.0,,0.0,,0.0,,0.0057648333333333,0.034589,,,0,142857732.28844237,1,inventory_error_rate_5xx|shipping_jvm_heap_mb|inventory_error_ratio|system_mean_error_rate|system_max_error_rate,-0.8529797038495827,0.0,,,,,-0.2407185604833073,,0.44721359549995787,-1.5080221717050903,0.0,,,,,1.6275184245365084,,0.44721359549995787,-0.024610909957494015,34589000.0,0.0,,,,0.10397679126769022,,0.44721359549995787,-0.2590161518296245,0.0,,,,,4.296677509844306,,0.44721359549995787,0.11644221674458634,0.0,,,,,0.7302967433402214,,0.44721359549995787,-0.7743882745575342,0.0,,,,,0.48193159734149926,,0.44721359549995787,0.0,,0.0,,142857732.28844237,,0.0,,0.0,,0.0,,5764833.3333332995,34589000.0,,,-0.4472135954999579
a2e8645c,2026-09-01T16:14:26.036169,INVENTORY_DOWN,1,0.301144,0.0,,,,,3.0,,1.0,0.301138,0.0,,,,,2.0,,1.0,0.341263,0.14052,0.0,,,,3.0,,1.0,0.301872,0.0,,,,,0.0,,1.0,0.301144,0.0,,,,,1.0,,1.0,0.543358,0.0,,,,,3.999992,,1.0,5,DOWN,inventory-service,0,0.0,,0.0,,0.4117645323056864,,0.0,,0.0,,0.0,,0.02342,0.14052,,,0,411764532.30568635,1,inventory_error_rate_5xx|inventory_error_ratio|system_mean_error_rate|system_max_error_rate,0.9769008893010811,0.0,,,,,-0.3040655500841777,,0.44721359549995787,1.3456395839009494,0.0,,,,,-0.33672787249529557,,0.44721359549995787,1.3928110861479646,140520000.0,0.0,,,,0.10397679126769022,,0.44721359549995787,1.0623624321301515,0.0,,,,,-0.7463713507938656,,0.44721359549995787,1.065313370623171,0.0,,,,,0.7302967433402214,,0.44721359549995787,0.7920788212679899,0.0,,,,,0.883538048915433,,0.44721359549995787,0.0,,0.0,,411764532.30568635,,0.0,,0.0,,0.0,,23420000.0,140520000.0,,,-0.4472135954999579
4cdebaa3,2026-09-01T16:15:03.400786,SHIPPING_DOWN,1,0.341407,0.0,,,,,2.0,,1.0,0.421019,0.0,,,,,7.0,,1.0,0.421002,0.100239,0.0,,,,1.0,,1.0,0.401502,0.121009,,,,,2.0,,1.0,0.200791,0.0,,,,,0.0,,1.0,0.421653,0.0,,,,,3.0,,1.0,1,DOWN,shipping-service,0,0.0,,0.0,,0.2380962555092463,,0.3013907768793411,,0.0,,0.0,,0.0368746666666666,0.121009,,,0,301390776.8793411,1,payment_request_rate|inventory_error_rate_5xx|shipping_error_rate_5xx|inventory_error_ratio|shipping_error_ratio|system_mean_error_rate|system_max_error_rate,1.5275143228926837,0.0,,,,,-0.367412539685048,,0.44721359549995787,3.5560437044155746,0.0,,,,,1.0663068002813334,,0.44721359549995787,2.5328420778411407,100238999.99999999,0.0,,,,-0.9357744853887864,,0.44721359549995787,2.0834272357096277,121009000.0,,,,,-0.5446493640928208,,0.44721359549995787,0.21951900641918268,0.0,,,,,-1.0954451150103321,,0.44721359549995787,0.31371320017929716,0.0,,,,,0.48193159734149926,,0.44721359549995787,0.0,,0.0,,238096255.5092463,,301390776.8793411,,0.0,,0.0,,36874666.6666666,121009000.0,,,-0.4472135954999579
8e975b1e,2026-09-01T16:15:42.256905,SHIPPING_DOWN,1,0.341091,0.0,,,,,0.0,,1.0,0.326494,0.0,,,,,0.0,,1.0,0.39148,0.0,0.050231,,,,1.0,,1.0,0.381342,0.180636,,,,,6.0,,1.0,0.200747,0.0,,,,,2.0,,1.0,0.420884,0.0,,,,,1.0,,1.0,2,DOWN,shipping-service,0,0.0,,0.0,,0.0,,0.4736850373845916,,0.0,,0.0,,0.0301059999999999,0.180636,,,0,473685037.3845916,1,inventory_error_rate_4xx|shipping_error_rate_5xx|shipping_error_ratio|system_mean_error_rate|system_max_error_rate,1.523192890187347,0.0,,,,,-0.4941065188867887,,0.44721359549995787,1.8131616005655489,0.0,,,,,-0.8979417416059471,,0.44721359549995787,2.110765115040429,0.0,50230999.99999999,,,,-0.9357744853887864,,0.44721359549995787,1.8768161101434102,180635999.99999997,,,,,-0.14120539069073137,,0.44721359549995787,0.2191481659657337,0.0,,,,,2.5560386016907746,,0.44721359549995787,0.31069061965575895,0.0,,,,,-0.32128773156099955,,0.44721359549995787,0.0,,0.0,,0.0,,473685037.3845916,,0.0,,0.0,,30105999.9999999,180635999.99999997,,,-0.4472135954999579
bdd0687d,2026-09-01T16:16:14.116169,SHIPPING_DOWN,1,0.421238,0.0,,,,,4.999992,,1.0,0.381143,0.0,,,,,3.0,,1.0,0.481425,0.0,0.100299,,,,4.0,,1.0,0.441315,0.240717,,,,,2.0,,1.0,0.180531,0.0,,,,,1.0,,1.0,0.521544,0.0,,,,,0.0,,1.0,3,DOWN,shipping-service,0,0.0,,0.0,,0.0,,0.5454539262308012,,0.0,,0.0,,0.0401194999999999,0.240717,,,0,545453926.2308012,1,inventory_request_rate|inventory_error_rate_4xx|shipping_error_rate_5xx|shipping_error_ratio|system_mean_error_rate|system_max_error_rate,2.61923677320814,0.0,,,,,-0.17737207765835378,,0.44721359549995787,2.820797295813368,0.0,,,,,-0.05612093793996978,,0.44721359549995787,3.396711609827707,0.0,100299000.0,,,,0.6238524295959286,,0.44721359549995787,2.491453462999697,240716999.99999997,,,,,-0.5446493640928208,,0.44721359549995787,0.04876383399012925,0.0,,,,,0.7302967433402214,,0.44721359549995787,0.7063381560658311,0.0,,,,,-0.7228973960122489,,0.44721359549995787,0.0,,0.0,,0.0,,545453926.2308012,,0.0,,0.0,,40119499.999999896,240716999.99999997,,,-0.4472135954999579
70ce6f99,2026-09-01T16:16:45.868331,SHIPPING_DOWN,1,0.440961,0.0,,,,,3.0,,1.0,0.440961,0.0,,,,,6.0,,1.0,0.440952,0.0,0.18039,,,,2.0,,1.0,0.400874,0.180393,,,,,4.0,,1.0,0.200433,0.0,,,,,3.0,,1.0,0.601311,0.0,,,,,3.999985,,1.0,4,DOWN,shipping-service,0,0.0,,0.0,,0.0,,0.4499992505126317,,0.0,,0.0,,0.0300655,0.180393,,,0,449999250.51263165,1,payment_request_rate|inventory_error_rate_4xx|shipping_error_rate_5xx|delivery_jvm_heap_mb|shipping_error_ratio|system_mean_error_rate|system_max_error_rate,2.8889570809528977,0.0,,,,,-0.3040655500841777,,0.44721359549995787,3.9237406619926944,0.0,,,,,0.7856998657260075,,0.44721359549995787,2.81806785549422,0.0,180389999.99999997,,,,-0.4158988470605481,,0.44721359549995787,2.076991135171156,180393000.0,,,,,-0.34292737739177614,,0.44721359549995787,0.21650171363884702,0.0,,,,,4.381780460041329,,0.44721359549995787,1.0198650489410765,0.0,,,,,0.8835352376477819,,0.44721359549995787,0.0,,0.0,,0.0,,449999250.51263165,,0.0,,0.0,,30065499.999999996,180393000.0,,,-0.4472135954999579
3b35e973,2026-09-01T16:17:16.860799,SHIPPING_DOWN,1,0.461273,0.0,,,,,0.999992,,1.0,0.421137,0.0,,,,,10.0,,1.0,0.501404,0.0,0.240674,,,,0.0,,1.0,0.441191,0.24065,,,,,7.0,,1.0,0.200541,0.0,,,,,1.0,,1.0,0.661787,0.0,,,,,2.0,,1.0,5,DOWN,shipping-service,0,0.0,,0.0,,0.0,,0.5454553684335007,,0.0,,0.0,,0.0401083333333333,0.24065,,,0,545455368.4335006,1,order_request_rate|payment_request_rate|inventory_request_rate|inventory_error_rate_4xx|shipping_error_rate_5xx|shipping_error_ratio|system_mean_error_rate|system_max_error_rate,3.166732211050323,0.0,,,,,-0.43076003606183516,,0.44721359549995787,3.558219426058043,0.0,,,,,1.9081276039473105,,0.44721359549995787,3.682352001393163,0.0,240673999.99999997,,,,-1.4556501237170247,,0.44721359549995787,2.490182640600381,240650000.0,,,,,-0.04034439734020899,,0.44721359549995787,0.217411958388222,0.0,,,,,0.7302967433402214,,0.44721359549995787,1.2575680134943799,0.0,,,,,0.08032193289024986,,0.44721359549995787,0.0,,0.0,,0.0,,545455368.4335006,,0.0,,0.0,,40108333.3333333,240650000.0,,,-0.4472135954999579
d1cca311,2026-09-01T16:17:58.937448,NOTIFICATION_DOWN,1,0.420463,0.0,,,,,1.0,,1.0,0.380411,0.0,,,,,4.0,,1.0,0.360418,0.0,0.140163,,,,4.0,,1.0,0.340368,0.020022,,,,,12.999992,,1.0,0.320738,0.0,,,,,3.0,,1.0,0.639865,0.400357,,,,,1.0,,1.0,1,DOWN,notification-service,0,0.0,,0.0,,0.0,,0.058824566178887,,0.0,,0.6256897929630629,,0.0700631666666666,0.400357,,,0,625689792.9630629,1,inventory_error_rate_4xx|shipping_error_rate_5xx|delivery_jvm_heap_mb|notification_error_rate_5xx|shipping_error_ratio|notification_error_ratio|system_mean_error_rate|system_max_error_rate,2.6086383227441035,0.0,,,,,-0.4307595292859184,,0.44721359549995787,2.8073004463024636,0.0,,,,,0.22448599661535598,,0.44721359549995787,1.6666707237893048,0.0,140163000.0,,,,0.6238524295959286,,0.44721359549995787,1.4568912957113571,20022000.0,,,,,0.5648207558749786,,0.44721359549995787,1.2304553670977452,0.0,,,,,4.381780460041329,,0.44721359549995787,1.17140285063742,400357000.0,,,,,-0.32128773156099955,,0.44721359549995787,0.0,,0.0,,0.0,,58824566.178886995,,0.0,,625689792.9630629,,70063166.66666658,400357000.0,,,-0.4472135954999579
49b40a01,2026-09-01T16:18:30.013419,NOTIFICATION_DOWN,1,0.368522,0.0,,,,,0.0,,1.0,0.420505,0.0,,,,,7.999992,,1.0,0.420505,0.0,0.220264,,,,3.0,,1.0,0.420496,0.0,,,,,16.999992,,1.0,0.382371,0.0,,,,,1.0,,1.0,0.603719,0.382355,,,,,1.0,,1.0,2,DOWN,notification-service,0,0.0,,0.0,,0.0,,0.0,,0.0,,0.6333327249377066,,0.0637258333333333,0.382355,,,0,633332724.9377066,1,payment_request_rate|inventory_error_rate_4xx|notification_error_rate_5xx|notification_error_ratio|system_mean_error_rate|system_max_error_rate,1.8983233349344169,0.0,,,,,-0.4941065188867887,,0.44721359549995787,3.546566408447536,0.0,,,,,1.3469114899811827,,0.44721359549995787,2.5257364532048716,0.0,220263999.99999997,,,,0.10397679126769022,,0.44721359549995787,2.2780885312951793,0.0,,,,,0.9682647292770679,,0.44721359549995787,1.7499101322665431,0.0,,,,,0.7302967433402214,,0.44721359549995787,1.0293297744296068,382355000.0,,,,,-0.32128773156099955,,0.44721359549995787,0.0,,0.0,,0.0,,0.0,,0.0,,633332724.9377066,,63725833.3333333,382355000.0,,,-0.4472135954999579
c3a015b2,2026-09-01T16:19:10.228002,NOTIFICATION_DOWN,1,0.300643,0.0,,,,,7.0,,1.0,0.360772,0.0,,,,,1.0,,1.0,0.360765,0.0,0.16034,,,,7.0,,1.0,0.320673,0.0,,,,,21.999992,,1.0,0.320731,0.0,,,,,4.0,,1.0,0.641308,0.440899,,,,,3.0,,1.0,3,DOWN,notification-service,0,0.0,,0.0,,0.0,,0.0,,0.0,,0.6874996090996844,,0.0734831666666666,0.440899,,,0,687499609.0996844,1,inventory_error_rate_4xx|delivery_jvm_heap_mb|notification_error_rate_5xx|notification_error_ratio|system_mean_error_rate|system_max_error_rate,0.9700495039043295,0.0,,,,,-0.05067759168069627,,0.44721359549995787,2.4451902993835457,0.0,,,,,-0.6173348070506213,,0.44721359549995787,1.671631793706378,0.0,160340000.0,,,,2.1834793445806433,,0.44721359549995787,1.2550457541425748,0.0,,,,,1.4725696960296797,,0.44721359549995787,1.230396369752878,0.0,,,,,6.207522318391882,,0.44721359549995787,1.1770746109696244,440898999.99999994,,,,,0.48193159734149926,,0.44721359549995787,0.0,,0.0,,0.0,,0.0,,0.0,,687499609.0996844,,73483166.6666666,440898999.99999994,,,-0.4472135954999579
bc8f3aff,2026-09-01T16:19:41.580071,NOTIFICATION_DOWN,1,0.439455,0.0,,,,,12.0,,1.0,0.439446,0.0,,,,,5.0,,1.0,0.479396,0.0,0.239698,,,,11.0,,1.0,0.439446,0.0,,,,,26.999992,,1.0,0.399513,0.0,,,,,7.0,,1.0,0.938817,0.719094,,,,,2.0,,1.0,4,DOWN,notification-service,0,0.0,,0.0,,0.0,,0.0,,0.0,,0.7659575819718246,,0.119849,0.719094,,,0,765957581.9718245,1,payment_request_rate|inventory_request_rate|inventory_error_rate_4xx|inventory_jvm_heap_mb|delivery_jvm_heap_mb|notification_error_rate_5xx|notification_error_ratio|system_mean_error_rate|system_max_error_rate,2.8683618985027834,0.0,,,,,0.26605735632365546,,0.44721359549995787,3.895806608701684,0.0,,,,,0.5050929311706818,,0.44721359549995787,3.367702932992714,0.0,239697999.99999997,,,,4.262981897893597,,0.44721359549995787,2.4722988899003293,0.0,,,,,1.976874662782292,,0.44721359549995787,1.894386201653455,0.0,,,,,11.684747893443543,,0.44721359549995787,2.346443803397839,719094000.0,,,,,0.08032193289024986,,0.44721359549995787,0.0,,0.0,,0.0,,0.0,,0.0,,765957581.9718245,,119848999.99999999,719094000.0,,,-0.4472135954999579
ef16acf4,2026-09-01T16:20:10.838898,NOTIFICATION_DOWN,1,0.421272,0.0,,,,,18.0,,1.0,0.461384,0.0,,,,,7.999992,,1.0,0.481396,0.0,0.240698,,,,13.999992,,1.0,0.441342,0.0,,,,,1.0,,1.0,0.421264,0.0,,,,,10.0,,1.0,0.962966,0.722224,,,,,0.0,,1.0,5,DOWN,notification-service,0,0.0,,0.0,,0.0,,0.0,,0.0,,0.7499994799920252,,0.1203706666666666,0.722224,,,0,749999479.9920251,1,payment_request_rate|inventory_request_rate|inventory_error_rate_4xx|inventory_jvm_heap_mb|delivery_jvm_heap_mb|notification_error_rate_5xx|notification_error_ratio|system_mean_error_rate|system_max_error_rate,2.619701737486562,0.0,,,,,0.6461392939288775,,0.44721359549995787,4.300306451010723,0.0,,,,,1.3469114899811827,,0.44721359549995787,3.396296995915329,0.0,240697999.99999997,,,,5.8226046538732055,,0.44721359549995787,2.4917301743285805,0.0,,,,,-0.6455103574433433,,0.44721359549995787,2.077707808539158,0.0,,,,,17.161973468495205,,0.44721359549995787,2.4413622651181535,722223999.9999999,,,,,-0.7228973960122489,,0.44721359549995787,0.0,,0.0,,0.0,,0.0,,0.0,,749999479.9920251,,120370666.6666666,722223999.9999999,,,-0.4472135954999579
1e9f9bb7,2026-09-01T16:20:50.989839,DELIVERY_DOWN,1,0.300204,0.0,,,,,24.0,,1.0,0.380792,0.0,,,,,1.0,,1.0,0.36075,0.0,0.160333,,,,0.0,,1.0,0.32068,0.0,,,,,6.0,,1.0,0.26886,0.089101,,,,,14.0,,1.0,0.64136,0.100212,,,,,4.999992,,1.0,1,DOWN,delivery-service,0,0.0,,0.0,,0.0,,0.0,,0.3314029594160419,,0.1562492201630141,,0.0315521666666666,0.100212,,,0,331402959.4160419,1,inventory_error_rate_4xx|delivery_error_rate_5xx|delivery_jvm_heap_mb|notification_error_rate_5xx|delivery_error_ratio|notification_error_ratio|system_mean_error_rate|system_max_error_rate,0.9640459945447016,0.0,,,,,1.0262212315340997,,0.44721359549995787,2.8143254458429756,0.0,,,,,-0.6173348070506213,,0.44721359549995787,1.6714173382344586,0.0,160333000.0,,,,-1.4556501237170247,,0.44721359549995787,1.25511749411673,0.0,,,,,-0.14120539069073137,,0.44721359549995787,0.7932176160970325,89101000.0,,,,,24.464940901897418,,0.44721359549995787,1.1772789987293437,100211999.99999999,,,,,1.2851477133666824,,0.44721359549995787,0.0,,0.0,,0.0,,0.0,,331402959.4160419,,156249220.16301408,,31552166.6666666,100211999.99999999,,,-0.4472135954999579
4769da3c,2026-09-01T16:21:40.123522,DELIVERY_DOWN,1,0.321111,0.0,,,,,2.0,,1.0,0.301048,0.0,,,,,6.0,,1.0,0.321117,0.0,0.120419,,,,5.0,,1.0,0.301054,0.0,,,,,12.0,,1.0,0.300868,0.120414,,,,,1.0,,1.0,0.561944,0.0,,,,,5.0,,1.0,2,DOWN,delivery-service,0,0.0,,0.0,,0.0,,0.0,,0.4002220229462021,,0.0,,0.020069,0.120414,,,0,400222022.9462021,1,inventory_error_rate_4xx|delivery_error_rate_5xx|delivery_error_ratio|system_mean_error_rate|system_max_error_rate,1.2499579995145154,0.0,,,,,-0.367412539685048,,0.44721359549995787,1.3439801351905918,0.0,,,,,0.7856998657260075,,0.44721359549995787,1.1047830903284692,0.0,120418999.99999999,,,,1.1437280679241668,,0.44721359549995787,1.0539791037217605,0.0,,,,,0.46396056941240293,,0.44721359549995787,1.0629871895969905,120413999.99999999,,,,,0.7302967433402214,,0.44721359549995787,0.865131723232202,0.0,,,,,1.2851509262439982,,0.44721359549995787,0.0,,0.0,,0.0,,0.0,,400222022.9462021,,0.0,,20069000.0,120413999.99999999,,,-0.4472135954999579
aa7bb6b4,2026-09-01T16:22:26.969418,DELIVERY_DOWN,1,0.300945,0.0,,,,,1.0,,1.0,0.320115,0.0,,,,,1.0,,1.0,0.340122,0.0,0.120043,,,,9.0,,1.0,0.320109,0.0,,,,,18.0,,1.0,0.320109,0.120041,,,,,0.0,,1.0,0.540194,0.0,,,,,1.999992,,1.0,3,DOWN,delivery-service,0,0.0,,0.0,,0.0,,0.0,,0.3750003893205114,,0.0,,0.0200068333333333,0.120041,,,0,375000389.32051134,1,inventory_error_rate_4xx|inventory_jvm_heap_mb|delivery_error_rate_5xx|delivery_error_ratio|system_mean_error_rate|system_max_error_rate,0.9741794807303156,0.0,,,,,-0.4307595292859184,,0.44721359549995787,1.6955435636392397,0.0,,,,,-0.6173348070506213,,0.44721359549995787,1.376498173250613,0.0,120042999.99999999,,,,3.22323062123712,,0.44721359549995787,1.249265561939234,0.0,,,,,1.0691265295155372,,0.44721359549995787,1.2251540342518477,120040999.99999999,,,,,-1.0954451150103321,,0.44721359549995787,0.7796426121958511,0.0,,,,,0.08031872001293425,,0.44721359549995787,0.0,,0.0,,0.0,,0.0,,375000389.32051134,,0.0,,20006833.3333333,120040999.99999999,,,-0.4472135954999579
2fe37ce5,2026-09-01T16:22:58.953445,DELIVERY_DOWN,1,0.420505,0.0,,,,,6.0,,1.0,0.380319,0.0,,,,,2.999992,,1.0,0.380335,0.0,0.180159,,,,13.0,,1.0,0.36031,0.0,,,,,21.0,,1.0,0.420353,0.200168,,,,,3.0,,1.0,0.720605,0.0,,,,,5.999992,,1.0,4,DOWN,delivery-service,0,0.0,,0.0,,0.0,,0.0,,0.4761902484906965,,0.0,,0.0333613333333333,0.200168,,,0,476190248.4906965,1,inventory_error_rate_4xx|inventory_jvm_heap_mb|delivery_error_rate_5xx|delivery_jvm_heap_mb|delivery_error_ratio|system_mean_error_rate|system_max_error_rate,2.609212690382155,0.0,,,,,-0.11402458128156662,,0.44721359549995787,2.805604120954099,0.0,,,,,-0.05612318279544616,,0.44721359549995787,1.95142469940416,0.0,180159000.0,,,,5.302733174550073,,0.44721359549995787,1.6612682335110351,0.0,,,,,1.3717095095671044,,0.44721359549995787,2.070029725514337,200168000.0,,,,,4.381780460041329,,0.44721359549995787,1.4887541529397168,0.0,,,,,1.6867573778179317,,0.44721359549995787,0.0,,0.0,,0.0,,0.0,,476190248.4906965,,0.0,,33361333.333333295,200168000.0,,,-0.4472135954999579
ea6121a0,2026-09-01T16:23:30.287653,DELIVERY_DOWN,1,0.440343,0.0,,,,,4.0,,1.0,0.440335,0.0,,,,,6.999992,,1.0,0.50038,0.0,0.240183,,,,16.0,,1.0,0.440335,0.0,,,,,25.0,,1.0,0.420521,0.200248,,,,,1.999992,,1.0,0.940715,0.0,,,,,9.999992,,1.0,5,DOWN,delivery-service,0,0.0,,0.0,,0.0,,0.0,,0.4761902485816636,,0.0,,0.0333746666666666,0.200248,,,0,476190248.58166355,1,payment_request_rate|inventory_request_rate|inventory_error_rate_4xx|inventory_jvm_heap_mb|delivery_error_rate_5xx|notification_jvm_heap_mb|delivery_error_ratio|system_mean_error_rate|system_max_error_rate,2.8805056714215755,0.0,,,,,-0.2407185604833073,,0.44721359549995787,3.9121982742962107,0.0,,,,,1.0663045554258568,,0.44721359549995787,3.6677118411767857,0.0,240183000.0,,,,6.862360089534788,,0.44721359549995787,2.481409866618006,0.0,,,,,1.775153482969194,,0.44721359549995787,2.0714456617911425,200248000.0,,,,,2.556023995755908,,0.44721359549995787,2.353903956627586,0.0,,,,,3.2931960356229295,,0.44721359549995787,0.0,,0.0,,0.0,,0.0,,476190248.58166355,,0.0,,33374666.6666666,200248000.0,,,-0.4472135954999579
80a0ed50,2026-09-01T16:24:00.648948,PAYMENT_ERROR,1,0.420202,0.0,,,,,2.0,,1.0,0.452946,0.11292,,,,,0.0,,1.0,0.480182,0.0,0.240091,,,,20.0,,1.0,0.440026,0.0,,,,,1.0,,1.0,0.50024,0.120058,,,,,0.0,,1.0,0.800384,0.0,,,,,13.999992,,1.0,1,ERROR,payment-service,0,0.0,,0.2493012406571617,,0.0,,0.0,,0.2400007991364129,,0.0,,0.0388296666666666,0.120058,,,0,249301240.65716168,1,payment_request_rate|payment_error_rate_5xx|inventory_request_rate|inventory_error_rate_4xx|inventory_jvm_heap_mb|delivery_error_rate_5xx|notification_jvm_heap_mb|payment_error_ratio|delivery_error_ratio|system_mean_error_rate|system_max_error_rate,2.605069038136216,0.0,,,,,-0.367412539685048,,0.44721359549995787,4.144723915255246,112920000.0,,,,,-0.8979417416059471,,0.44721359549995787,3.378940399721302,0.0,240090999.99999997,,,,8.941862642847742,,0.44721359549995787,2.4782430591874522,0.0,,,,,-0.6455103574433433,,0.44721359549995787,2.74333270971176,120057999.99999999,,,,,-1.0954451150103321,,0.44721359549995787,1.802328212221051,0.0,,,,,4.8996346934279265,,0.44721359549995787,0.0,,249301240.65716168,,0.0,,0.0,,240000799.1364129,,0.0,,38829666.6666666,120057999.99999999,,,-0.4472135954999579
7a0998a9,2026-09-01T16:24:42.104724,PAYMENT_ERROR,1,0.30036,0.0,,,,,0.0,,1.0,0.335894,0.132765,,,,,4.0,,1.0,0.32025,0.0,0.120094,,,,25.0,,1.0,0.299634,0.0,,,,,6.0,,1.0,0.298954,0.0,,,,,0.0,,1.0,0.419162,0.0,,,,,18.999992,,1.0,2,ERROR,payment-service,0,0.0,,0.39525862207941,,0.0,,0.0,,0.0,,0.0,,0.0221274999999999,0.132765,,,0,395258622.07940996,1,payment_error_rate_5xx|inventory_error_rate_4xx|inventory_jvm_heap_mb|notification_jvm_heap_mb|payment_error_ratio|system_mean_error_rate|system_max_error_rate,0.9661793600574624,0.0,,,,,-0.4941065188867887,,0.44721359549995787,1.9864817992028436,132764999.99999999,,,,,0.22448599661535598,,0.44721359549995787,1.092387564051516,0.0,120094000.0,,,,11.541240834488933,,0.44721359549995787,1.039426137536045,0.0,,,,,-0.14120539069073137,,0.44721359549995787,1.0468556298719551,0.0,,,,,-1.0954451150103321,,0.44721359549995787,0.30392224038198445,0.0,,,,,6.907683015684173,,0.44721359549995787,0.0,,395258622.07940996,,0.0,,0.0,,0.0,,0.0,,22127499.9999999,132764999.99999999,,,-0.4472135954999579
11a50610,2026-09-01T16:25:19.486797,PAYMENT_ERROR,1,0.419698,0.0,,,,,0.0,,1.0,0.439683,0.219842,,,,,8.0,,1.0,0.419706,0.0,0.19986,,,,28.0,,1.0,0.379734,0.0,,,,,10.0,,1.0,0.419706,0.0,,,,,3.0,,1.0,0.559608,0.0,,,,,21.999992,,1.0,3,ERROR,payment-service,0,0.0,,0.5000011360457395,,0.0,,0.0,,0.0,,0.0,,0.0366403333333333,0.219842,,,0,500001136.0457395,1,payment_request_rate|payment_error_rate_5xx|inventory_error_rate_4xx|inventory_jvm_heap_mb|delivery_jvm_heap_mb|notification_jvm_heap_mb|payment_error_ratio|system_mean_error_rate|system_max_error_rate,2.598176626479604,0.0,,,,,-0.4941065188867887,,0.44721359549995787,3.900176490305624,219842000.0,,,,,1.3469137348366589,,0.44721359549995787,2.514313125067287,0.0,199860000.0,,,,13.100867749473649,,0.44721359549995787,1.8603364132232476,0.0,,,,,0.26223858271135814,,0.44721359549995787,2.064576685210211,0.0,,,,,4.381780460041329,,0.44721359549995787,0.8559499961802058,0.0,,,,,8.112512009037921,,0.44721359549995787,0.0,,500001136.0457395,,0.0,,0.0,,0.0,,0.0,,36640333.3333333,219842000.0,,,-0.4472135954999579
fed9ae4a,2026-09-01T16:25:47.299535,PAYMENT_ERROR,1,0.500626,0.0,,,,,5.0,,1.0,0.500511,0.240245,,,,,10.0,,1.0,0.48049,0.0,0.240245,,,,32.0,,1.0,0.44044,0.0,,,,,14.0,,1.0,0.481599,0.0,,,,,2.0,,1.0,0.679986,0.0,,,,,24.999992,,1.0,4,ERROR,payment-service,0,0.0,,0.4799994396127169,,0.0,,0.0,,0.0,,0.0,,0.0400408333333333,0.240245,,,0,479999439.61271685,1,order_request_rate|payment_request_rate|payment_error_rate_5xx|inventory_request_rate|inventory_error_rate_4xx|inventory_jvm_heap_mb|notification_jvm_heap_mb|payment_error_ratio|system_mean_error_rate|system_max_error_rate,3.704901012484154,0.0,,,,,-0.17737157088243696,,0.44721359549995787,5.021742558678959,240244999.99999997,,,,,1.9081276039473105,,0.44721359549995787,3.383343885411384,0.0,240244999.99999997,,,,15.180370302786601,,0.44721359549995787,2.48248596623033,0.0,,,,,0.6656825561134476,,0.44721359549995787,2.586222780331208,0.0,,,,,2.5560386016907746,,0.44721359549995787,1.3290997988622208,0.0,,,,,9.31734100239167,,0.44721359549995787,0.0,,479999439.61271685,,0.0,,0.0,,0.0,,0.0,,40040833.3333333,240244999.99999997,,,-0.4472135954999579
c1b5379d,2026-09-01T16:26:24.910404,PAYMENT_ERROR,1,0.440476,0.0,,,,,10.0,,1.0,0.380228,0.160096,,,,,2.0,,1.0,0.320173,0.0,0.120065,,,,36.0,,1.0,0.420555,0.0,,,,,17.0,,1.0,0.400224,0.0,,,,,5.0,,1.0,0.420227,0.0,,,,,4.0,,1.0,5,ERROR,payment-service,0,0.0,,0.4210526304715785,,0.0,,0.0,,0.0,,0.0,,0.0266826666666666,0.160096,,,0,421052630.4715785,1,payment_error_rate_5xx|inventory_error_rate_4xx|inventory_jvm_heap_mb|delivery_jvm_heap_mb|payment_error_ratio|system_mean_error_rate|system_max_error_rate,2.882324502275404,0.0,,,,,0.13936337712191477,,0.44721359549995787,2.8039262339247375,160095999.99999997,,,,,-0.33672787249529557,,0.44721359549995787,1.0912866926289952,0.0,120065000.0,,,,17.259872856099552,,0.44721359549995787,2.2786931967916284,0.0,,,,,0.9682655361650148,,0.44721359549995787,1.9003786462535073,0.0,,,,,8.033264176742437,,0.44721359549995787,0.3081082589223852,0.0,,,,,0.8835412617927487,,0.44721359549995787,0.0,,421052630.4715785,,0.0,,0.0,,0.0,,0.0,,26682666.6666666,160095999.99999997,,,-0.4472135954999579
617f4d2b,2026-09-01T16:26:52.250467,INVENTORY_ERROR,1,0.420454,0.0,,,,,15.0,,1.0,0.462656,0.120693,,,,,4.0,,1.0,0.545362,0.165065,0.120175,,,,38.0,,1.0,0.440476,0.0,,,,,21.0,,1.0,0.400625,0.0,,,,,8.0,,1.0,0.821331,0.0,,,,,6.0,,1.0,1,ERROR,inventory-service,0,0.0,,0.2608698465795972,,0.3026705192098633,,0.0,,0.0,,0.0,,0.0476263333333333,0.165065,,,0,302670519.2098633,1,payment_request_rate|payment_error_rate_5xx|inventory_request_rate|inventory_error_rate_5xx|inventory_error_rate_4xx|inventory_jvm_heap_mb|delivery_jvm_heap_mb|payment_error_ratio|inventory_error_ratio|system_mean_error_rate|system_max_error_rate,2.6085152439645216,0.0,,,,,0.4560983251262665,,0.44721359549995787,4.32375999278377,120692999.99999999,,,,,0.22448599661535598,,0.44721359549995787,4.310820910369307,165064999.99999997,120175000.0,,,,18.29962413275603,,0.44721359549995787,2.4828549146688412,0.0,,,,,1.3717095095671044,,0.44721359549995787,1.9037583512951681,0.0,,,,,13.510489751794097,,0.44721359549995787,1.8846611045832784,0.0,,,,,1.6867605906952474,,0.44721359549995787,0.0,,260869846.5795972,,302670519.2098633,,0.0,,0.0,,0.0,,47626333.3333333,165064999.99999997,,,-0.4472135954999579
f97f0d2b,2026-09-01T16:27:16.996110,INVENTORY_ERROR,1,0.460405,0.0,,,,,19.0,,1.0,0.460396,0.0,,,,,8.0,,1.0,0.49215,0.232026,0.0,,,,41.0,,1.0,0.460405,0.0,,,,,25.0,,1.0,0.460405,0.0,,,,,11.0,,1.0,0.940828,0.0,,,,,10.0,,1.0,2,ERROR,inventory-service,0,0.0,,0.0,,0.47145382409539,,0.0,,0.0,,0.0,,0.038671,0.232026,,,0,471453824.09538996,1,order_request_rate|payment_request_rate|inventory_request_rate|inventory_error_rate_5xx|inventory_jvm_heap_mb|delivery_jvm_heap_mb|notification_jvm_heap_mb|inventory_error_ratio|system_mean_error_rate|system_max_error_rate,3.1548619465306027,0.0,,,,,0.7094862835297479,,0.44721359549995787,4.282089391834803,0.0,,,,,1.3469137348366589,,0.44721359549995787,3.5500472722502265,232026000.0,0.0,,,,19.859251047740745,,0.44721359549995787,2.6870986210879453,0.0,,,,,1.775153482969194,,0.44721359549995787,2.407595676458486,0.0,,,,,18.987715326845755,,0.44721359549995787,2.354348106951591,0.0,,,,,3.293199248500245,,0.44721359549995787,0.0,,0.0,,471453824.09538996,,0.0,,0.0,,0.0,,38670999.99999999,232026000.0,,,-0.4472135954999579
faba13fd,2026-09-01T16:27:40.672496,INVENTORY_ERROR,1,0.460378,0.0,,,,,25.0,,1.0,0.460368,0.0,,,,,10.0,,1.0,0.540432,0.280224,0.0,,,,43.0,,1.0,0.460368,0.0,,,,,3.0,,1.0,0.460368,0.0,,,,,13.0,,1.0,0.940771,0.0,,,,,13.0,,1.0,3,ERROR,inventory-service,0,0.0,,0.0,,0.5185185175590665,,0.0,,0.0,,0.0,,0.0467039999999999,0.280224,,,0,518518517.5590665,1,order_request_rate|payment_request_rate|inventory_request_rate|inventory_error_rate_5xx|inventory_jvm_heap_mb|delivery_jvm_heap_mb|notification_jvm_heap_mb|inventory_error_ratio|system_mean_error_rate|system_max_error_rate,3.1544927101918554,0.0,,,,,1.08956822113497,,0.44721359549995787,4.281573118902692,0.0,,,,,1.9081276039473105,,0.44721359549995787,4.2403365452650625,280223999.99999994,0.0,,,,20.89900232439722,,0.44721359549995787,2.6867194240816983,0.0,,,,,-0.4437883707422985,,0.44721359549995787,2.4072838333499034,0.0,,,,,22.639199043546864,,0.44721359549995787,2.3541240665226684,0.0,,,,,4.4980282418539925,,0.44721359549995787,0.0,,0.0,,518518517.5590665,,0.0,,0.0,,0.0,,46703999.999999896,280223999.99999994,,,-0.4472135954999579
a1159e45,2026-09-01T16:28:04.532365,INVENTORY_ERROR,1,0.460212,0.0,,,,,29.0,,1.0,0.480885,0.0,,,,,2.0,,1.0,0.650374,0.350201,0.0,,,,0.0,,1.0,0.460212,0.0,,,,,5.0,,1.0,0.460839,0.0,,,,,16.0,,1.0,0.940451,0.0,,,,,17.0,,1.0,4,ERROR,inventory-service,0,0.0,,0.0,,0.5384609462579055,,0.0,,0.0,,0.0,,0.0583668333333333,0.350201,,,0,538460946.2579055,1,order_request_rate|payment_request_rate|inventory_request_rate|inventory_error_rate_5xx|delivery_jvm_heap_mb|notification_jvm_heap_mb|inventory_error_ratio|system_mean_error_rate|system_max_error_rate,3.1522225904795587,0.0,,,,,1.3429561795384513,,0.44721359549995787,4.659872109907092,0.0,,,,,-0.33672787249529557,,0.44721359549995787,5.8121807781841,350200999.99999994,0.0,,,,-1.4556501237170247,,0.44721359549995787,2.6851206475148164,0.0,,,,,-0.24206638404125375,,0.44721359549995787,2.411253511840233,0.0,,,,,28.116424618598526,,0.44721359549995787,2.352866295693628,0.0,,,,,6.10446689965899,,0.44721359549995787,0.0,,0.0,,538460946.2579055,,0.0,,0.0,,0.0,,58366833.33333329,350200999.99999994,,,-0.4472135954999579
d7bf991c,2026-09-01T16:28:27.902921,INVENTORY_ERROR,1,0.460839,0.0,,,,,33.0,,1.0,0.480654,0.0,,,,,5.0,,1.0,0.560763,0.280381,0.0,,,,3.0,,1.0,0.480654,0.0,,,,,9.0,,1.0,0.460636,0.0,,,,,18.0,,1.0,0.961307,0.0,,,,,21.0,,1.0,5,ERROR,inventory-service,0,0.0,,0.0,,0.499999107466079,,0.0,,0.0,,0.0,,0.0467301666666666,0.280381,,,0,499999107.466079,1,order_request_rate|payment_request_rate|inventory_request_rate|inventory_error_rate_5xx|delivery_jvm_heap_mb|notification_jvm_heap_mb|inventory_error_ratio|system_mean_error_rate|system_max_error_rate,3.1607970787904627,0.0,,,,,1.5963441379419328,,0.44721359549995787,4.655612858217177,0.0,,,,,0.5050929311706818,,0.44721359549995787,4.531009491904899,280381000.0,0.0,,,,0.10397679126769022,,0.44721359549995787,2.894621869182705,0.0,,,,,0.16137758936083577,,0.44721359549995787,2.409542588839093,0.0,,,,,31.767908335299627,,0.44721359549995787,2.4348415094763465,0.0,,,,,7.710905557463988,,0.44721359549995787,0.0,,0.0,,499999107.466079,,0.0,,0.0,,0.0,,46730166.6666666,280381000.0,,,-0.4472135954999579
713a94e3,2026-09-01T16:28:53.357149,SHIPPING_ERROR,1,0.480346,0.0,,,,,38.0,,1.0,0.459697,0.0,,,,,7.999985,,1.0,0.540389,0.140101,0.120086,,,,4.0,,1.0,0.380281,0.0,,,,,11.0,,1.0,0.359763,0.0,,,,,21.0,,1.0,0.840588,0.0,,,,,23.0,,1.0,1,ERROR,shipping-service,0,0.0,,0.0,,0.2592595329304269,,0.0,,0.0,,0.0,,0.0233501666666666,0.140101,,,0,259259532.9304269,1,order_request_rate|payment_request_rate|inventory_request_rate|inventory_error_rate_5xx|inventory_error_rate_4xx|delivery_jvm_heap_mb|notification_jvm_heap_mb|inventory_error_ratio|system_mean_error_rate|system_max_error_rate,3.4275634958252437,0.0,,,,,1.9130790859462845,,0.44721359549995787,4.26920100685103,0.0,,,,,1.3469095257326407,,0.44721359549995787,4.239721772912226,140101000.0,120085999.99999999,,,,0.6238524295959286,,0.44721359549995787,1.8659423797750687,0.0,,,,,0.36309957606188054,,0.44721359549995787,1.559365564730707,0.0,,,,,37.245133910351285,,0.44721359549995787,1.960351394754635,0.0,,,,,8.514124886366487,,0.44721359549995787,0.0,,0.0,,259259532.9304269,,0.0,,0.0,,0.0,,23350166.666666597,140101000.0,,,-0.4472135954999579
bd480d86,2026-09-01T16:29:18.767449,SHIPPING_ERROR,1,0.480048,0.0,,,,,43.0,,1.0,0.460037,0.0,,,,,0.0,,1.0,0.50005,0.0,0.240024,,,,8.0,,1.0,0.387466,0.127473,,,,,13.0,,1.0,0.240019,0.0,,,,,22.0,,1.0,0.70007,0.0,,,,,27.0,,1.0,2,ERROR,shipping-service,0,0.0,,0.0,,0.0,,0.3289914461423933,,0.0,,0.0,,0.0212455,0.127473,,,0,328991446.1423933,1,order_request_rate|payment_request_rate|inventory_request_rate|inventory_error_rate_4xx|shipping_error_rate_5xx|delivery_jvm_heap_mb|notification_jvm_heap_mb|shipping_error_ratio|system_mean_error_rate|system_max_error_rate,3.423488220679072,0.0,,,,,2.2298140339506363,,0.44721359549995787,4.275470035312378,0.0,,,,,-0.8979417416059471,,0.44721359549995787,3.662993820794554,0.0,240023999.99999997,,,,2.7033549829088814,,0.44721359549995787,1.9395783389612429,127473000.0,,,,,0.5648215627629253,,0.44721359549995787,0.5501401270532849,0.0,,,,,39.07087576870184,,0.44721359549995787,1.4080406405198793,0.0,,,,,10.120563544171484,,0.44721359549995787,0.0,,0.0,,0.0,,328991446.1423933,,0.0,,0.0,,21245500.0,127473000.0,,,-0.4472135954999579
184de0ef,2026-09-01T16:29:41.286551,SHIPPING_ERROR,1,0.460433,0.0,,,,,5.0,,1.0,0.480452,0.0,,,,,3.0,,1.0,0.50047,0.0,0.240226,,,,10.0,,1.0,0.50046,0.240221,,,,,16.0,,1.0,0.220211,0.0,,,,,25.0,,1.0,0.700673,0.0,,,,,30.0,,1.0,3,ERROR,shipping-service,0,0.0,,0.0,,0.0,,0.4800003986732198,,0.0,,0.0,,0.0400368333333333,0.240221,,,0,480000398.6732198,1,order_request_rate|payment_request_rate|inventory_request_rate|inventory_error_rate_4xx|inventory_jvm_heap_mb|shipping_request_rate|shipping_error_rate_5xx|delivery_jvm_heap_mb|notification_jvm_heap_mb|shipping_error_ratio|system_mean_error_rate|system_max_error_rate,3.155244858289303,0.0,,,,,-0.17737157088243696,,0.44721359549995787,4.651888317778375,0.0,,,,,-0.05612093793996978,,0.44721359549995787,3.6689985740083024,0.0,240225999.99999997,,,,3.743106259565358,,0.44721359549995787,3.0976050017702295,240220999.99999997,,,,,0.8674045428144924,,0.44721359549995787,0.38319449746420814,0.0,,,,,44.5481013437535,,0.44721359549995787,1.4104107524258527,0.0,,,,,11.325392537525232,,0.44721359549995787,0.0,,0.0,,0.0,,480000398.6732198,,0.0,,0.0,,40036833.3333333,240220999.99999997,,,-0.4472135954999579
668e840b,2026-09-01T16:30:04.190161,SHIPPING_ERROR,1,0.460092,0.0,,,,,9.0,,1.0,0.460313,0.0,,,,,6.0,,1.0,0.540108,0.0,0.280056,,,,13.0,,1.0,0.520114,0.260057,,,,,18.0,,1.0,0.220145,0.0,,,,,27.0,,1.0,0.740163,0.0,,,,,32.0,,1.0,4,ERROR,shipping-service,0,0.0,,0.0,,0.0,,0.4999999990386723,,0.0,,0.0,,0.0433428333333333,0.260057,,,0,499999999.03867227,1,order_request_rate|payment_request_rate|inventory_request_rate|inventory_error_rate_4xx|inventory_jvm_heap_mb|shipping_request_rate|shipping_error_rate_5xx|delivery_jvm_heap_mb|notification_jvm_heap_mb|shipping_error_ratio|system_mean_error_rate|system_max_error_rate,3.150581540085127,0.0,,,,,0.07601638752104443,,0.44721359549995787,4.280559011357474,0.0,,,,,0.7856998657260075,,0.44721359549995787,4.2357043070715985,0.0,280056000.0,,,,5.302733174550073,,0.44721359549995787,3.299030352061818,260056999.99999997,,,,,1.0691265295155372,,0.44721359549995787,0.3826382367840347,0.0,,,,,48.19958506045461,,0.44721359549995787,1.5656275337971397,0.0,,,,,12.12861186642773,,0.44721359549995787,0.0,,0.0,,0.0,,499999999.03867227,,0.0,,0.0,,43342833.3333333,260056999.99999997,,,-0.4472135954999579
e1f0fa08,2026-09-01T16:30:27.256595,SHIPPING_ERROR,1,0.460313,0.0,,,,,14.0,,1.0,0.460212,0.0,,,,,9.0,,1.0,0.50023,0.0,0.24011,,,,16.0,,1.0,0.52025,0.240115,,,,,21.0,,1.0,0.220097,0.0,,,,,29.0,,1.0,0.720331,0.0,,,,,36.0,,1.0,5,ERROR,shipping-service,0,0.0,,0.0,,0.0,,0.4615377213617728,,0.0,,0.0,,0.0400191666666666,0.240115,,,0,461537721.3617728,1,order_request_rate|payment_request_rate|inventory_request_rate|inventory_error_rate_4xx|inventory_jvm_heap_mb|shipping_request_rate|shipping_error_rate_5xx|delivery_jvm_heap_mb|notification_jvm_heap_mb|shipping_error_ratio|system_mean_error_rate|system_max_error_rate,3.1536038078948723,0.0,,,,,0.3927513355253962,,0.44721359549995787,4.278696741138073,0.0,,,,,1.6275206693919848,,0.44721359549995787,3.6655672864575886,0.0,240109999.99999997,,,,6.862360089534788,,0.44721359549995787,3.300424157273971,240114999.99999997,,,,,1.3717095095671044,,0.44721359549995787,0.3822336835620901,0.0,,,,,51.85106877715572,,0.44721359549995787,1.4876771866673508,0.0,,,,,13.73505052423273,,0.44721359549995787,0.0,,0.0,,0.0,,461537721.3617728,,0.0,,0.0,,40019166.6666666,240114999.99999997,,,-0.4472135954999579
ad26a599,2026-09-01T16:31:09.415973,PAYMENT_LATENCY_3S,1,0.320218,0.0,,,,,20.0,,1.0,0.380259,0.0,,,,,13.0,,1.0,0.320218,0.0,0.120082,,,,20.0,,1.0,0.300204,0.0,,,,,25.0,,1.0,0.30021,0.0,,,,,33.0,,1.0,0.540357,0.0,,,,,41.0,,1.0,1,LATENCY,payment-service,3000,0.0,,0.0,,0.0,,0.0,,0.0,,0.0,,0.0,0.0,,,0,120081999.99999999,1,inventory_error_rate_4xx|inventory_jvm_heap_mb|delivery_jvm_heap_mb|notification_jvm_heap_mb,1.2377458494959552,0.0,,,,,0.7728332731306182,,0.44721359549995787,2.8044978218138605,0.0,,,,,2.749948407613288,,0.44721359549995787,1.0919300590447545,0.0,120081999.99999999,,,,8.941862642847742,,0.44721359549995787,1.0452678211458044,0.0,,,,,1.775153482969194,,0.44721359549995787,1.0574414391795015,0.0,,,,,59.15403621055793,,0.44721359549995787,0.7802832892118937,0.0,,,,,15.743098846488977,,0.44721359549995787,0.0,,0.0,,0.0,,0.0,,0.0,,0.0,,0.0,0.0,,,-0.4472135954999579
781454d9,2026-09-01T16:31:52.058818,PAYMENT_LATENCY_3S,1,0.320179,0.0,,,,,25.0,,1.0,0.340184,0.0,,,,,18.0,,1.0,0.320173,0.0,0.120065,,,,25.0,,1.0,0.320173,0.0,,,,,29.999992,,1.0,0.32007,0.0,,,,,37.0,,1.0,0.600336,0.0,,,,,46.0,,1.0,2,LATENCY,payment-service,3000,0.0,,0.0,,0.0,,0.0,,0.0,,0.0,,0.0,0.0,,,0,120065000.0,1,payment_jvm_heap_mb|inventory_error_rate_4xx|inventory_jvm_heap_mb|delivery_jvm_heap_mb|notification_jvm_heap_mb,1.237212508117765,0.0,,,,,1.08956822113497,,0.44721359549995787,2.0655821877298632,0.0,,,,,4.152983080389917,,0.44721359549995787,1.0912866926289952,0.0,120065000.0,,,,11.541240834488933,,0.44721359549995787,1.249921470274365,0.0,,,,,2.279457642833859,,0.44721359549995787,1.2248253347590181,0.0,,,,,66.45700364396015,,0.44721359549995787,1.0160327784463434,0.0,,,,,17.751147168745224,,0.44721359549995787,0.0,,0.0,,0.0,,0.0,,0.0,,0.0,,0.0,0.0,,,-0.4472135954999579
d387bda1,2026-09-01T16:32:37.900887,PAYMENT_LATENCY_3S,1,0.340177,0.0,,,,,32.0,,1.0,0.340252,0.0,,,,,23.0,,1.0,0.340245,0.0,0.120086,,,,30.0,,1.0,0.320237,0.0,,,,,35.999992,,1.0,0.320231,0.0,,,,,41.0,,1.0,0.560415,0.0,,,,,3.999992,,1.0,3,LATENCY,payment-service,3000,0.0,,0.0,,0.0,,0.0,,0.0,,0.0,,0.0,0.0,,,0,120085999.99999999,1,payment_jvm_heap_mb|inventory_error_rate_4xx|inventory_jvm_heap_mb|delivery_jvm_heap_mb,1.5106935563497614,0.0,,,,,1.5329971483410625,,0.44721359549995787,2.066835993422133,0.0,,,,,5.556017753166546,,0.44721359549995787,1.3782567081203543,0.0,120085999.99999999,,,,14.140619026130125,,0.44721359549995787,1.250577378609496,0.0,,,,,2.884623602936993,,0.44721359549995787,1.2261822736909567,0.0,,,,,73.75997107736235,,0.44721359549995787,0.8591219369896925,0.0,,,,,0.883538048915433,,0.44721359549995787,0.0,,0.0,,0.0,,0.0,,0.0,,0.0,,0.0,0.0,,,-0.4472135954999579
197b4516,2026-09-01T16:33:22.187735,PAYMENT_LATENCY_3S,1,0.300156,0.0,,,,,38.0,,1.0,0.360195,0.0,,,,,26.0,,1.0,0.340177,0.0,0.120062,,,,34.0,,1.0,0.320166,0.0,,,,,39.999992,,1.0,0.30009,0.0,,,,,46.0,,1.0,0.580302,0.0,,,,,8.999992,,1.0,4,LATENCY,payment-service,3000,0.0,,0.0,,0.0,,0.0,,0.0,,0.0,,0.0,0.0,,,0,120062000.0,1,payment_jvm_heap_mb|inventory_error_rate_4xx|inventory_jvm_heap_mb|shipping_jvm_heap_mb|delivery_jvm_heap_mb,0.9633895743869284,0.0,,,,,1.9130790859462845,,0.44721359549995787,2.4345513893182567,0.0,,,,,6.397838556832523,,0.44721359549995787,1.3772845099809852,0.0,120062000.0,,,,16.220121579443077,,0.44721359549995787,1.2498497303002103,0.0,,,,,3.288067576339083,,0.44721359549995787,1.0564300561246407,0.0,,,,,82.88868036911512,,0.44721359549995787,0.9372884634807227,0.0,,,,,2.8915863711716803,,0.44721359549995787,0.0,,0.0,,0.0,,0.0,,0.0,,0.0,,0.0,0.0,,,-0.4472135954999579
6f0b88d4,2026-09-01T16:34:06.633734,PAYMENT_LATENCY_3S,1,0.340102,0.0,,,,,44.0,,1.0,0.320789,0.0,,,,,32.0,,1.0,0.320808,0.0,0.120303,,,,39.0,,1.0,0.300764,0.0,,,,,44.999992,,1.0,0.300752,0.0,,,,,2.0,,1.0,0.541364,0.0,,,,,13.999992,,1.0,5,LATENCY,payment-service,3000,0.0,,0.0,,0.0,,0.0,,0.0,,0.0,,0.0,0.0,,,0,120302999.99999999,1,payment_jvm_heap_mb|inventory_error_rate_4xx|inventory_jvm_heap_mb|shipping_jvm_heap_mb|notification_jvm_heap_mb,1.509667899853242,0.0,,,,,2.293161023551507,,0.44721359549995787,1.7079709906479141,0.0,,,,,8.081480164164478,,0.44721359549995787,1.1003653076069253,0.0,120302999.99999999,,,,18.819499771084267,,0.44721359549995787,1.0510070190781988,0.0,,,,,3.7923725430916946,,0.44721359549995787,1.0620095193106245,0.0,,,,,2.5560386016907746,,0.44721359549995787,0.7842413367895307,0.0,,,,,4.8996346934279265,,0.44721359549995787,0.0,,0.0,,0.0,,0.0,,0.0,,0.0,,0.0,0.0,,,-0.4472135954999579
e1ef8129,2026-09-01T16:35:04.727216,INVENTORY_LATENCY_2S,1,0.35954,0.0,,,,,53.0,,1.0,0.339613,0.0,,,,,2.0,,1.0,0.359583,0.0,0.119861,,,,46.0,,1.0,0.35949,0.0,,,,,52.999992,,1.0,0.359576,0.0,,,,,9.0,,1.0,0.55934,0.0,,,,,23.999992,,1.0,1,LATENCY,inventory-service,2000,0.0,,0.0,,0.0,,0.0,,0.0,,0.0,,0.0,0.0,,,0,119860999.99999999,1,inventory_error_rate_4xx|inventory_jvm_heap_mb|shipping_jvm_heap_mb|delivery_jvm_heap_mb|notification_jvm_heap_mb,1.7754907129112252,0.0,,,,,2.86328392995934,,0.44721359549995787,2.055053907578598,0.0,,,,,-0.33672787249529557,,0.44721359549995787,1.6547327025191128,0.0,119860999.99999999,,,,22.458629239381935,,0.44721359549995787,1.6528644079671708,0.0,,,,,4.599260489895873,,0.44721359549995787,1.5577894928035485,0.0,,,,,15.33623161014465,,0.44721359549995787,0.8548966131108843,0.0,,,,,8.91573133794042,,0.44721359549995787,0.0,,0.0,,0.0,,0.0,,0.0,,0.0,,0.0,0.0,,,-0.4472135954999579
63835413,2026-09-01T16:36:03.280043,INVENTORY_LATENCY_2S,1,0.300186,0.0,,,,,61.0,,1.0,0.280174,0.0,,,,,9.0,,1.0,0.340116,0.0,0.120041,,,,51.0,,1.0,0.300102,0.0,,,,,58.999992,,1.0,0.280162,0.0,,,,,14.0,,1.0,0.540184,0.0,,,,,5.0,,1.0,2,LATENCY,inventory-service,2000,0.0,,0.0,,0.0,,0.0,,0.0,,0.0,,0.0,0.0,,,0,120040999.99999999,1,order_jvm_heap_mb|inventory_error_rate_4xx|inventory_jvm_heap_mb|shipping_jvm_heap_mb|delivery_jvm_heap_mb,0.9637998369855367,0.0,,,,,3.3700598467663028,,0.44721359549995787,0.9590986643017745,0.0,,,,,1.6275206693919848,,0.44721359549995787,1.3764123910618449,0.0,120040999.99999999,,,,25.058007431023128,,0.44721359549995787,1.044222467236689,0.0,,,,,5.204426449999008,,0.44721359549995787,0.8884730434807031,0.0,,,,,24.464940901897418,,0.44721359549995787,0.7796033068574437,0.0,,,,,1.2851509262439982,,0.44721359549995787,0.0,,0.0,,0.0,,0.0,,0.0,,0.0,,0.0,0.0,,,-0.4472135954999579
1d312455,2026-09-01T16:36:41.403795,INVENTORY_LATENCY_2S,1,0.34017,0.0,,,,,67.0,,1.0,0.340177,0.0,,,,,1.0,,1.0,0.360202,0.0,0.140078,,,,56.0,,1.0,0.320166,0.0,,,,,63.999992,,1.0,0.32016,0.0,,,,,18.0,,1.0,0.640307,0.0,,,,,9.0,,1.0,3,LATENCY,inventory-service,2000,0.0,,0.0,,0.0,,0.0,,0.0,,0.0,,0.0,0.0,,,0,140078000.0,1,order_jvm_heap_mb|inventory_error_rate_4xx|inventory_jvm_heap_mb|shipping_jvm_heap_mb|delivery_jvm_heap_mb,1.5105978284100858,0.0,,,,,3.750141784371525,,0.44721359549995787,2.0654531194968357,0.0,,,,,-0.6173348070506213,,0.44721359549995787,1.6635825649936624,0.0,140078000.0,,,,27.657385622664318,,0.44721359549995787,1.2498497303002103,0.0,,,,,5.70873141675162,,0.44721359549995787,1.225583872050164,0.0,,,,,31.767908335299627,,0.44721359549995787,1.173140146595032,0.0,,,,,2.8915895840489956,,0.44721359549995787,0.0,,0.0,,0.0,,0.0,,0.0,,0.0,,0.0,0.0,,,-0.4472135954999579
3ce07027,2026-09-01T16:37:18.891170,INVENTORY_LATENCY_2S,1,0.380198,0.0,,,,,71.999992,,1.0,0.360187,0.0,,,,,5.999992,,1.0,0.380205,0.0,0.160086,,,,59.0,,1.0,0.340177,0.0,,,,,1.0,,1.0,0.360187,0.0,,,,,21.0,,1.0,0.660357,0.0,,,,,14.0,,1.0,4,LATENCY,inventory-service,2000,0.0,,0.0,,0.0,,0.0,,0.0,,0.0,,0.0,0.0,,,0,160086000.0,1,order_jvm_heap_mb|inventory_error_rate_4xx|inventory_jvm_heap_mb|delivery_jvm_heap_mb|notification_jvm_heap_mb,2.057997538312594,0.0,,,,,4.06687622559996,,0.44721359549995787,2.4344038827662247,0.0,,,,,0.785697620870531,,0.44721359549995787,1.9495660853141905,0.0,160086000.0,,,,29.217012537649033,,0.44721359549995787,1.4549338192737011,0.0,,,,,-0.6455103574433433,,0.44721359549995787,1.562939118191216,0.0,,,,,37.245133910351285,,0.44721359549995787,1.2519473501021046,0.0,,,,,4.899637906305242,,0.44721359549995787,0.0,,0.0,,0.0,,0.0,,0.0,,0.0,,0.0,0.0,,,-0.4472135954999579
4dd048fa,2026-09-01T16:37:56.298287,INVENTORY_LATENCY_2S,1,0.360151,0.0,,,,,77.999992,,1.0,0.340054,0.0,,,,,9.999985,,1.0,0.360058,0.0,0.140022,,,,64.0,,1.0,0.320058,0.0,,,,,6.0,,1.0,0.340061,0.0,,,,,25.0,,1.0,0.600096,0.0,,,,,19.0,,1.0,5,LATENCY,inventory-service,2000,0.0,,0.0,,0.0,,0.0,,0.0,,0.0,,0.0,0.0,,,0,140022000.0,1,order_jvm_heap_mb|inventory_error_rate_4xx|inventory_jvm_heap_mb|delivery_jvm_heap_mb|notification_jvm_heap_mb,1.7838463945028715,0.0,,,,,4.446958163205182,,0.44721359549995787,2.063185206259348,0.0,,,,,1.9081233948432923,,0.44721359549995787,1.6615237924632338,0.0,140022000.0,,,,31.816390729290227,,0.44721359549995787,1.2487428849846771,0.0,,,,,-0.14120539069073137,,0.44721359549995787,1.3933133235067579,0.0,,,,,44.5481013437535,,0.44721359549995787,1.0150894503245629,0.0,,,,,6.907686228561489,,0.44721359549995787,0.0,,0.0,,0.0,,0.0,,0.0,,0.0,,0.0,0.0,,,-0.4472135954999579
94e6b150,2026-09-01T16:38:46.062635,SHIPPING_LATENCY_3S,1,0.319994,0.0,,,,,83.999992,,1.0,0.320115,0.0,,,,,3.0,,1.0,0.340109,0.0,0.120038,,,,69.0,,1.0,0.340122,0.0,,,,,11.0,,1.0,0.320109,0.0,,,,,29.999992,,1.0,0.560202,0.0,,,,,25.0,,1.0,1,LATENCY,shipping-service,3000,0.0,,0.0,,0.0,,0.0,,0.0,,0.0,,0.0,0.0,,,0,120038000.0,1,order_jvm_heap_mb|inventory_error_rate_4xx|inventory_jvm_heap_mb|delivery_jvm_heap_mb|notification_jvm_heap_mb,1.2346825554263499,0.0,,,,,4.827040100810405,,0.44721359549995787,1.6955435636392397,0.0,,,,,-0.05612093793996978,,0.44721359549995787,1.376312311841616,0.0,120038000.0,,,,34.41576892093142,,0.44721359549995787,1.4543701480481976,0.0,,,,,0.36309957606188054,,0.44721359549995787,1.2251540342518477,0.0,,,,,53.6767960295714,,0.44721359549995787,0.8582847332816124,0.0,,,,,9.317344215268985,,0.44721359549995787,0.0,,0.0,,0.0,,0.0,,0.0,,0.0,,0.0,0.0,,,-0.4472135954999579
bcf995b1,2026-09-01T16:39:32.227314,SHIPPING_LATENCY_3S,1,0.300168,0.0,,,,,90.999992,,1.0,0.320058,0.0,,,,,7.0,,1.0,0.340068,0.0,0.120024,,,,74.0,,1.0,0.340068,0.0,,,,,15.0,,1.0,0.300156,0.0,,,,,34.999992,,1.0,0.560101,0.0,,,,,30.0,,1.0,2,LATENCY,shipping-service,3000,0.0,,0.0,,0.0,,0.0,,0.0,,0.0,,0.0,0.0,,,0,120024000.0,1,order_jvm_heap_mb|inventory_error_rate_4xx|inventory_jvm_heap_mb|delivery_jvm_heap_mb|notification_jvm_heap_mb,0.9635536794263717,0.0,,,,,5.270469028016497,,0.44721359549995787,1.6944925794560142,0.0,,,,,1.0663068002813334,,0.44721359549995787,1.3757261335517024,0.0,120024000.0,,,,37.015147112572606,,0.44721359549995787,1.453816725390431,0.0,,,,,0.7665435494639701,,0.44721359549995787,1.056986316804814,0.0,,,,,62.80550532132417,,0.44721359549995787,0.8578877493636964,0.0,,,,,11.325392537525232,,0.44721359549995787,0.0,,0.0,,0.0,,0.0,,0.0,,0.0,,0.0,0.0,,,-0.4472135954999579
31936117,2026-09-01T16:40:21.939300,SHIPPING_LATENCY_3S,1,0.340299,0.0,,,,,99.999992,,1.0,0.340306,0.0,,,,,2.0,,1.0,0.36031,0.0,0.120103,,,,79.0,,1.0,0.36031,0.0,,,,,22.0,,1.0,0.340184,0.0,,,,,40.999992,,1.0,0.580511,0.0,,,,,6.0,,1.0,3,LATENCY,shipping-service,3000,0.0,,0.0,,0.0,,0.0,,0.0,,0.0,,0.0,0.0,,,0,120103000.0,1,order_jvm_heap_mb|inventory_error_rate_4xx|inventory_jvm_heap_mb|delivery_jvm_heap_mb,1.5123619575841003,0.0,,,,,5.84059193442433,,0.44721359549995787,2.0678316626483477,0.0,,,,,-0.33672787249529557,,0.44721359549995787,1.6651266443914836,0.0,120103000.0,,,,39.6145253042138,,0.44721359549995787,1.6612682335110351,0.0,,,,,1.4725705029176268,,0.44721359549995787,1.3943499911379902,0.0,,,,,73.75995647142749,,0.44721359549995787,0.9381099450534399,0.0,,,,,1.6867605906952474,,0.44721359549995787,0.0,,0.0,,0.0,,0.0,,0.0,,0.0,,0.0,0.0,,,-0.4472135954999579
d7e6f9e3,2026-09-01T16:41:04.298227,SHIPPING_LATENCY_3S,1,0.360173,0.0,,,,,0.0,,1.0,0.340477,0.0,,,,,9.0,,1.0,0.400561,0.0,0.120168,,,,4.0,,1.0,0.340156,0.0,,,,,27.0,,1.0,0.34015,0.0,,,,,45.999992,,1.0,0.64091,0.0,,,,,14.999985,,1.0,4,LATENCY,shipping-service,3000,0.0,,0.0,,0.0,,0.0,,0.0,,0.0,,0.0,0.0,,,0,120167999.99999999,1,inventory_error_rate_4xx|delivery_jvm_heap_mb|notification_jvm_heap_mb,1.7841472537418508,0.0,,,,,-0.4941065188867887,,0.44721359549995787,2.0709846151980256,0.0,,,,,1.6275206693919848,,0.44721359549995787,2.24059645774056,0.0,120167999.99999999,,,,0.6238524295959286,,0.44721359549995787,1.4547185993512364,0.0,,,,,1.9768754696702389,,0.44721359549995787,1.39406343260578,0.0,,,,,82.88866576318026,,0.44721359549995787,1.1755102585010053,0.0,,,,,5.301241546611525,,0.44721359549995787,0.0,,0.0,,0.0,,0.0,,0.0,,0.0,,0.0,0.0,,,-0.4472135954999579
3d11e7f1,2026-09-01T16:41:47.190080,SHIPPING_LATENCY_3S,1,0.400312,0.0,,,,,8.0,,1.0,0.380297,0.0,,,,,2.0,,1.0,0.400304,0.0,0.120091,,,,8.0,,1.0,0.420336,0.0,,,,,35.0,,1.0,0.400312,0.0,,,,,50.999992,,1.0,0.680517,0.0,,,,,2.0,,1.0,5,LATENCY,shipping-service,3000,0.0,,0.0,,0.0,,0.0,,0.0,,0.0,,0.0,0.0,,,0,120091000.0,1,inventory_error_rate_4xx|delivery_jvm_heap_mb,2.333064935259207,0.0,,,,,0.012669397920174082,,0.44721359549995787,2.805198477936011,0.0,,,,,-0.33672787249529557,,0.44721359549995787,2.236922120655004,0.0,120091000.0,,,,2.7033549829088814,,0.44721359549995787,2.276448760457352,0.0,,,,,2.7837634164744176,,0.44721359549995787,1.9011203271604051,0.0,,,,,92.01737505493303,,0.44721359549995787,1.3311869123316604,0.0,,,,,0.08032193289024986,,0.44721359549995787,0.0,,0.0,,0.0,,0.0,,0.0,,0.0,,0.0,0.0,,,-0.4472135954999579
bcb32a70,2026-09-01T16:42:12.267533,CASCADE_PAYMENT_DOWN,1,0.420134,0.0,,,,,13.0,,1.0,0.460156,0.120041,,,,,4.0,,1.0,0.460156,0.0,0.180061,,,,10.999992,,1.0,0.460147,0.0,,,,,37.999992,,1.0,0.400136,0.0,,,,,53.999992,,1.0,0.780265,0.0,,,,,4.0,,1.0,1,DOWN,payment-service,0,0.0,,0.2608702260518818,,0.0,,0.0,,0.0,,0.0,,0.0200068333333333,0.120041,,,0,260870226.0518818,1,payment_request_rate|payment_error_rate_5xx|inventory_request_rate|inventory_error_rate_4xx|inventory_jvm_heap_mb|shipping_jvm_heap_mb|delivery_jvm_heap_mb|payment_error_ratio|system_mean_error_rate|system_max_error_rate,2.6041391095793713,0.0,,,,,0.32940434592452583,,0.44721359549995787,4.277664195273851,120040999.99999999,,,,,0.22448599661535598,,0.44721359549995787,3.092628047677164,0.0,180061000.0,,,,4.26297773888849,,0.44721359549995787,2.6844544906119494,0.0,,,,,3.086345589638038,,0.44721359549995787,1.8996369653466088,0.0,,,,,97.49460062998469,,0.44721359549995787,1.7232498018789666,0.0,,,,,0.8835412617927487,,0.44721359549995787,0.0,,260870226.0518818,,0.0,,0.0,,0.0,,0.0,,20006833.3333333,120040999.99999999,,,-0.4472135954999579
67bd93ca,2026-09-01T16:42:38.944856,CASCADE_PAYMENT_DOWN,1,0.480115,0.0,,,,,18.0,,1.0,0.520583,0.240269,,,,,7.0,,1.0,0.500571,0.0,0.200228,,,,13.999992,,1.0,0.460507,0.0,,,,,40.999992,,1.0,0.480182,0.0,,,,,55.999992,,1.0,0.720807,0.0,,,,,8.0,,1.0,2,DOWN,payment-service,0,0.0,,0.4615383128885532,,0.0,,0.0,,0.0,,0.0,,0.0400448333333333,0.240269,,,0,461538312.88855314,1,order_request_rate|payment_request_rate|payment_error_rate_5xx|inventory_request_rate|inventory_error_rate_4xx|inventory_jvm_heap_mb|shipping_jvm_heap_mb|delivery_jvm_heap_mb|payment_error_ratio|system_mean_error_rate|system_max_error_rate,3.4244044738159634,0.0,,,,,0.6461392939288775,,0.44721359549995787,5.391836497726594,240269000.0,,,,,1.0663068002813334,,0.44721359549995787,3.670442574185895,0.0,200227999.99999997,,,,5.8226046538732055,,0.44721359549995787,2.6881439749970606,0.0,,,,,3.388928569689605,,0.44721359549995787,2.574280032091723,0.0,,,,,101.1460843466858,,0.44721359549995787,1.4895481207755485,0.0,,,,,2.4899799195977463,,0.44721359549995787,0.0,,461538312.88855314,,0.0,,0.0,,0.0,,0.0,,40044833.3333333,240269000.0,,,-0.4472135954999579
bc097b80,2026-09-01T16:43:05.130933,CASCADE_PAYMENT_DOWN,1,0.460295,0.0,,,,,23.0,,1.0,0.50047,0.240226,,,,,10.0,,1.0,0.50047,0.0,0.200188,,,,17.999992,,1.0,0.440405,0.0,,,,,44.999992,,1.0,0.460285,0.0,,,,,58.999992,,1.0,0.680626,0.0,,,,,11.0,,1.0,3,DOWN,payment-service,0,0.0,,0.4800007982896062,,0.0,,0.0,,0.0,,0.0,,0.0400376666666666,0.240226,,,0,480000798.28960615,1,order_request_rate|payment_request_rate|payment_error_rate_5xx|inventory_request_rate|inventory_error_rate_4xx|inventory_jvm_heap_mb|shipping_jvm_heap_mb|delivery_jvm_heap_mb|notification_jvm_heap_mb|payment_error_ratio|system_mean_error_rate|system_max_error_rate,3.1533576503357073,0.0,,,,,0.9628742419332292,,0.44721359549995787,5.020986587599795,240225999.99999997,,,,,1.9081276039473105,,0.44721359549995787,3.6689985740083024,0.0,200188000.0,,,,7.902107207186157,,0.44721359549995787,2.4821272663595555,0.0,,,,,3.7923725430916946,,0.44721359549995787,2.4065842934036246,0.0,,,,,106.62330992173744,,0.44721359549995787,1.331615340520302,0.0,,,,,3.694808912951494,,0.44721359549995787,0.0,,480000798.28960615,,0.0,,0.0,,0.0,,0.0,,40037666.666666605,240225999.99999997,,,-0.4472135954999579
ca43887e,2026-09-01T16:43:29.944190,CASCADE_PAYMENT_DOWN,1,0.480125,0.0,,,,,28.0,,1.0,0.50014,0.240067,,,,,2.0,,1.0,0.520146,0.0,0.200056,,,,19.999992,,1.0,0.460138,0.0,,,,,47.999992,,1.0,0.460414,0.0,,,,,60.999992,,1.0,0.70021,0.0,,,,,14.0,,1.0,4,DOWN,payment-service,0,0.0,,0.4799995991522381,,0.0,,0.0,,0.0,,0.0,,0.0400111666666666,0.240067,,,0,479999599.1522381,1,order_request_rate|payment_request_rate|payment_error_rate_5xx|inventory_request_rate|inventory_error_rate_4xx|inventory_jvm_heap_mb|shipping_jvm_heap_mb|delivery_jvm_heap_mb|notification_jvm_heap_mb|payment_error_ratio|system_mean_error_rate|system_max_error_rate,3.4245412280155,0.0,,,,,1.279609189937581,,0.44721359549995787,5.014901942328487,240067000.0,,,,,-0.33672787249529557,,0.44721359549995787,3.9503069650409834,0.0,200056000.0,,,,8.941858483842635,,0.44721359549995787,2.684362253502321,0.0,,,,,4.094955523143262,,0.44721359549995787,2.4076715301876,0.0,,,,,110.27479363843855,,0.44721359549995787,1.4085909152575846,0.0,,,,,4.899637906305242,,0.44721359549995787,0.0,,479999599.1522381,,0.0,,0.0,,0.0,,0.0,,40011166.6666666,240067000.0,,,-0.4472135954999579
e222dbe2,2026-09-01T16:43:54.018349,CASCADE_PAYMENT_DOWN,1,0.480307,0.0,,,,,33.0,,1.0,0.520208,0.240096,,,,,5.0,,1.0,0.50018,0.0,0.200072,,,,22.999992,,1.0,0.460313,0.0,,,,,50.999992,,1.0,0.480317,0.0,,,,,64.999992,,1.0,0.720259,0.0,,,,,17.999992,,1.0,5,DOWN,payment-service,0,0.0,,0.4615384606512425,,0.0,,0.0,,0.0,,0.0,,0.040016,0.240096,,,0,461538460.65124243,1,order_request_rate|payment_request_rate|payment_error_rate_5xx|inventory_request_rate|inventory_error_rate_4xx|inventory_jvm_heap_mb|shipping_jvm_heap_mb|delivery_jvm_heap_mb|notification_jvm_heap_mb|payment_error_ratio|system_mean_error_rate|system_max_error_rate,3.4270301544470536,0.0,,,,,1.5963441379419328,,0.44721359549995787,5.384922128100106,240096000.0,,,,,0.5050929311706818,,0.44721359549995787,3.6648524348845233,0.0,200072000.0,,,,10.50148539882735,,0.44721359549995787,2.686155752856195,0.0,,,,,4.397538503194829,,0.44721359549995787,2.5754178380284416,0.0,,,,,117.5777610718408,,0.44721359549995787,1.4873941882308166,0.0,,,,,6.506073351232923,,0.44721359549995787,0.0,,461538460.65124243,,0.0,,0.0,,0.0,,0.0,,40016000.0,240096000.0,,,-0.4472135954999579
c68aadf3,2026-09-01T16:44:19.001101,CASCADE_SHIPPING_DOWN,1,0.460368,0.0,,,,,38.0,,1.0,0.50039,0.120094,,,,,7.0,,1.0,0.5004,0.0,0.20016,,,,24.999992,,1.0,0.5004,0.120096,,,,,53.999992,,1.0,0.360339,0.0,,,,,65.999992,,1.0,0.720576,0.0,,,,,1.0,,1.0,1,DOWN,shipping-service,0,0.0,,0.2400007988968588,,0.0,,0.2399999995203837,,0.0,,0.0,,0.0400316666666666,0.120096,,,0,240000798.89685878,1,order_request_rate|payment_request_rate|payment_error_rate_5xx|inventory_request_rate|inventory_error_rate_4xx|inventory_jvm_heap_mb|shipping_request_rate|shipping_error_rate_5xx|shipping_jvm_heap_mb|delivery_jvm_heap_mb|payment_error_ratio|shipping_error_ratio|system_mean_error_rate|system_max_error_rate,3.1543559559923193,0.0,,,,,1.9130790859462845,,0.44721359549995787,5.019511522079478,120094000.0,,,,,1.0663068002813334,,0.44721359549995787,3.6679977818060108,0.0,200160000.0,,,,11.541236675483827,,0.44721359549995787,3.0969900877060437,120095999.99999999,,,,,4.700121483246396,,0.44721359549995787,1.5642202033940404,0.0,,,,,119.40350293019135,,0.44721359549995787,1.488640167458335,0.0,,,,,-0.32128773156099955,,0.44721359549995787,0.0,,240000798.89685878,,0.0,,239999999.5203837,,0.0,,0.0,,40031666.6666666,120095999.99999999,,,-0.4472135954999579
f0bbe28c,2026-09-01T16:44:42.340138,CASCADE_SHIPPING_DOWN,1,0.460414,0.0,,,,,41.0,,1.0,0.480423,0.0,,,,,11.0,,1.0,0.50043,0.0,0.200172,,,,27.999992,,1.0,0.520458,0.240211,,,,,55.999992,,1.0,0.220194,0.0,,,,,68.999992,,1.0,0.720634,0.0,,,,,3.0,,1.0,2,DOWN,shipping-service,0,0.0,,0.0,,0.0,,0.4615377216575829,,0.0,,0.0,,0.0400351666666666,0.240211,,,0,461537721.6575829,1,order_request_rate|payment_request_rate|inventory_request_rate|inventory_error_rate_4xx|inventory_jvm_heap_mb|shipping_request_rate|shipping_error_rate_5xx|shipping_jvm_heap_mb|delivery_jvm_heap_mb|shipping_error_ratio|system_mean_error_rate|system_max_error_rate,3.1549850253101845,0.0,,,,,2.1031200547488957,,0.44721359549995787,4.65135360652726,0.0,,,,,2.1887345385026364,,0.44721359549995787,3.668426692749851,0.0,200171999.99999997,,,,13.100863590468542,,0.44721359549995787,3.3025558593631463,240211000.0,,,,,4.9018434699474405,,0.44721359549995787,0.38305121819810295,0.0,,,,,124.88072850524301,,0.44721359549995787,1.4888681384210984,0.0,,,,,0.48193159734149926,,0.44721359549995787,0.0,,0.0,,0.0,,461537721.6575829,,0.0,,0.0,,40035166.6666666,240211000.0,,,-0.4472135954999579
b5587670,2026-09-01T16:45:36.849702,CASCADE_SHIPPING_DOWN,1,0.30071,0.0,,,,,48.0,,1.0,0.300866,0.0,,,,,16.0,,1.0,0.300812,0.0,0.100271,,,,33.999992,,1.0,0.300866,0.120347,,,,,61.999992,,1.0,0.180426,0.0,,,,,2.0,,1.0,0.401171,0.0,,,,,9.0,,1.0,3,DOWN,shipping-service,0,0.0,,0.0,,0.0,,0.4000019929137821,,0.0,,0.0,,0.0200578333333333,0.120347,,,0,400001992.91378206,1,payment_jvm_heap_mb|inventory_error_rate_4xx|inventory_jvm_heap_mb|shipping_error_rate_5xx|shipping_jvm_heap_mb|shipping_error_ratio|system_mean_error_rate|system_max_error_rate,0.9709657570412201,0.0,,,,,2.546548981954988,,0.44721359549995787,1.3406243611318704,0.0,,,,,3.591769211279265,,0.44721359549995787,0.8144818665066268,0.0,100271000.0,,,,16.220117420437973,,0.44721359549995787,1.052052372987314,120346999.99999999,,,,,5.507009430050575,,0.44721359549995787,0.047878873817125814,0.0,,,,,2.5560386016907746,,0.44721359549995787,0.23320800605301964,0.0,,,,,2.8915895840489956,,0.44721359549995787,0.0,,0.0,,0.0,,400001992.91378206,,0.0,,0.0,,20057833.3333333,120346999.99999999,,,-0.4472135954999579
28f8f64c,2026-09-01T16:46:24.296725,CASCADE_SHIPPING_DOWN,1,0.340518,0.0,,,,,58.0,,1.0,0.340327,0.0,,,,,23.0,,1.0,0.360166,0.0,0.100046,,,,38.999992,,1.0,0.342282,0.120089,,,,,0.0,,1.0,0.212554,0.0,,,,,0.0,,0.0,0.460396,0.0,,,,,20.0,,1.0,4,DOWN,shipping-service,0,0.0,,0.0,,0.0,,0.3508481300481821,,0.0,,0.0,,0.0200148333333333,0.120089,,,1,350848130.0481821,1,order_jvm_heap_mb|payment_jvm_heap_mb|inventory_error_rate_4xx|inventory_jvm_heap_mb|shipping_error_rate_5xx|notification_jvm_heap_mb|shipping_error_ratio|system_mean_error_rate|system_max_error_rate,1.5153568745539372,0.0,,,,,3.1800188779636915,,0.44721359549995787,2.0682188673474307,0.0,,,,,5.556017753166546,,0.44721359549995787,1.6630678718610548,0.0,100045999.99999999,,,,18.819495612079162,,0.44721359549995787,1.4765070543588639,120089000.0,,,,,-0.7463713507938656,,0.44721359549995787,0.3186598303719445,0.0,,,,,-1.0954451150103321,,-1.788854381999832,0.4659938727715426,0.0,,,,,7.309295893012738,,0.44721359549995787,0.0,,0.0,,0.0,,350848130.0481821,,0.0,,0.0,,20014833.3333333,120089000.0,,,-0.07453559924999298
5194dbfa,2026-09-01T16:47:27.778931,CASCADE_SHIPPING_DOWN,1,0.303,0.0,,,,,65.0,,1.0,0.303012,0.0,,,,,28.0,,1.0,0.320899,0.0,0.100281,,,,44.999992,,1.0,0.320873,0.120327,,,,,5.0,,1.0,0.183068,0.0,,,,,0.0,,1.0,0.421179,0.0,,,,,2.0,,1.0,5,DOWN,shipping-service,0,0.0,,0.0,,0.0,,0.3749988301446402,,0.0,,0.0,,0.0200545,0.120327,,,0,374998830.14464015,1,order_jvm_heap_mb|payment_jvm_heap_mb|inventory_error_rate_4xx|inventory_jvm_heap_mb|shipping_error_rate_5xx|shipping_error_ratio|system_mean_error_rate|system_max_error_rate,1.0022824687349534,0.0,,,,,3.6234478051697843,,0.44721359549995787,1.3801929937143844,0.0,,,,,6.959052425943175,,0.44721359549995787,1.1016663374699045,0.0,100280999.99999999,,,,21.93874944204859,,0.44721359549995787,1.2570954676898591,120327000.0,,,,,-0.24206638404125375,,0.44721359549995787,0.07014615740831831,0.0,,,,,-1.0954451150103321,,0.44721359549995787,0.3118501271387809,0.0,,,,,0.08032193289024986,,0.44721359549995787,0.0,,0.0,,0.0,,374998830.14464015,,0.0,,0.0,,20054500.0,120327000.0,,,-0.4472135954999579
